Customer ID,Customer Title,Customer First Name,Customer Middle Name,Customer Last Name,Customer_Segment,Maritial_Status,Gender,DOB,Effective_Start_Dt,Effective_End_Dt,Policy_Type_Id,Policy_Type,Policy_Type_Desc,Policy_Id,Policy_Name,Premium_Amt,Policy_Term,Policy_Start_Dt,Policy_End_Dt,Next_Premium_Dt,Actual_Premium_Paid_Dt,Country,Region,State or Province,City,Postal Code,Total_Policy_Amt,Premium_Amt_Paid_TillDate
1354,Mr.,AARON,,Dillon,Consumer,Single,Male,2/5/1997,12/31/2007,,19181,TermLife,Coverage for a certain period of time,19181_1354,HSB_Termclaim_23579,5000,Quarterly,12/31/2007,12/27/2036,3/31/2011,9/25/2011,U.S.A,Central,Texas,Weatherford,76086,500000,60000
697,Mister.,Adam,G,Sawyer,Corporate,Married,Male,2/5/1997,6/30/2011,,19182,WholeLife,Remain in force for the insured's entire lifetime,19182_697,HSB_WholeLife_22468,60000,Half Yearly,6/30/2011,1/1/2112,6/30/2012,12/31/2012,USA,Central,Indiana,East Chicago,46312,400000,120000
674,Mr,AlBERT,,FROST,Small Business,Divorced,Male,2/6/1993,12/31/2009,,19183,Endowment,Pay a lump sum on its maturity or on death.,19183_674,HSB_Endowment_19183,5000,Quarterly,12/31/2009,1/1/2112,3/31/2013,9/25/2013,USA,Central,Missouri,Raytown,64133,500000,60000
188,Mrs.,ALEX,,harrell,Corporate,Single,Male,2/5/1997,12/31/2010,,19184,Moneyback,The insured person gets a percentage of sum assured at regular intervals,19184_188,HSB_Moneyback_19184,5000,Quarterly,12/31/2010,12/27/2036,3/31/2014,9/25/2014,United States Of America,Central,Texas,Gainesville,76240,500000,60000
188,Mrs.,ALEX,,harrell,Corporate,Single,Male,2/5/1997,12/31/2010,,19184,Moneyback,The insured person gets a percentage of sum assured at regular intervals,19184_188,HSB_Moneyback_19184,5000,Quarterly,12/31/2010,12/27/2036,3/31/2014,9/25/2014,United States Of America,Central,Texas,Gainesville,76240,500000,60000
3106,Mistress.,AleXander,,O'Brien,Home Office,Married,Male,2/5/1996,12/31/2007,,19185,ChildPlan,Insurance cum investment plan to secure child's future,19185_3106,HSB_ChildPlan_19185,5000,Quarterly,12/31/2007,12/27/2035,3/31/2011,9/25/2011,US,Central,Texas,Houston,77041,500000,60000
597,Mr.,AlexandrA,,WISE,Small Business,Divorced,Male,2/5/1998,12/30/2008,,19186,UnitLinked,Market-linked product that aggregates the very best of investment and insurance,19186_597,HSB_UnitLinked_19186,5000,Quarterly,12/30/2008,12/27/2037,3/30/2012,9/24/2012,United States Of America,Central,Indiana,Columbus,47201,500000,60000
2108,Mr.,Alfred,,Barber,Corporate,Single,Male,2/5/1998,12/31/2009,,19187,AnnuityPlan,Income stream for retirees,19187_2108,HSB_AnnuityPlan_19187,5000,Quarterly,12/31/2009,12/27/2037,3/31/2013,9/25/2013,US,Central,Missouri,Mehlville,63129,500000,60000
539,Miss.,Alice,,Coley,Small Business,Married,Female,2/5/1998,12/31/2014,,13579,Mediclaim,Related to Life or Personal Claim,13579_539,HSB_Lifeclaim_13579,5000,Quarterly,12/31/2014,12/27/2037,3/31/2018,9/25/2018,US,Central,Illinois,Urbana,61801,500000,60000
1484,Dr.,Alison,,Stewart,Home Office,Divorced,Male,2/5/1995,1/1/2015,,12468,Mortgages,"Related to Ornaments, Property Claim",02468_1484,HSB_Jewel_02468,60000,Half Yearly,1/1/2015,12/27/2034,7/1/2015,1/1/2016,United States Of America,Central,Illinois,Des Plaines,60016,400000,60000
667,Professor,Allison,,Kirby,Corporate,Married,Male,12/7/1994,12/31/2011,,98765,Auto,Related to 4 wheelers or 3 wheelers or 2 wheelers Claims,98765_667,HSB_Auto_98765,2000,Monthly,12/31/2011,12/27/2034,1/31/2015,2/28/2015,US,Central,Texas,Dallas,75203,200000,72000
796,Prof.,Amanda,,Conner,Corporate,Married,Female,2/5/1996,12/30/2012,,13579,Mediclaim,Related to Life or Personal Claim,13579_796,HSB_Lifeclaim_13579,5000,Quarterly,12/30/2012,12/27/2035,3/30/2016,9/24/2016,USA,Central,Nebraska,Papillion,68046,500000,60000
669,Prof.,Amy,,Shea,Home Office,Married,Female,2/5/1992,12/30/2008,,13579,Mediclaim,Related to Life or Personal Claim,13579_669,HSB_Lifeclaim_13579,5000,Quarterly,12/30/2008,12/27/2031,3/30/2012,9/24/2012,U.S,Central,Iowa,Ottumwa,52501,500000,60000
3397,Prof.,Andrea,,Shaw,Small Business,Married,Male,2/5/1993,1/1/2013,,12468,Mortgages,"Related to Ornaments, Property Claim",02468_3397,HSB_Jewel_02468,60000,Half Yearly,1/1/2013,12/27/2032,7/1/2013,1/1/2014,US,Central,Illinois,Danville,61832,400000,60000
3046,Doctor.,Andrew,,Pearce,Small Business,Married,Male,12/7/1995,12/31/2012,,98765,Auto,Related to 4 wheelers or 3 wheelers or 2 wheelers Claims,98765_3046,HSB_Auto_98765,2000,Monthly,12/31/2012,12/27/2035,1/31/2016,2/28/2016,U.S.A,Central,Kansas,Leawood,66209,200000,72000
3132,Professor,Anita,,Kang,Corporate,Married,Female,12/9/1990,1/2/2008,,98765,Auto,Related to 4 wheelers or 3 wheelers or 2 wheelers Claims,98765_3132,HSB_Auto_98765,2000,Monthly,1/2/2008,12/29/2030,2/2/2011,3/2/2011,USA,Central,Illinois,Mundelein,60060,200000,72000
2896,Doctor.,Anna,,Ellis,Home Office,Married,Female,2/5/1990,12/31/2006,,13579,Mediclaim,Related to Life or Personal Claim,13579_2896,HSB_Lifeclaim_13579,5000,Quarterly,12/31/2006,12/27/2029,3/31/2010,9/25/2010,USA,Central,Minnesota,Mankato,56001,500000,60000
1254,Professor,Anne,,Bland,Home Office,Married,Female,2/5/1991,12/31/2007,,13579,Mediclaim,Related to Life or Personal Claim,13579_1254,HSB_Lifeclaim_13579,5000,Quarterly,12/31/2007,12/27/2030,3/31/2011,9/25/2011,U.S,Central,Texas,Channelview,77530,500000,60000
2851,Dr.,Annie,,Sherrill,Consumer,Married,Female,2/6/1991,1/2/2011,,12468,Mortgages,"Related to Ornaments, Property Claim",02468_2851,HSB_Jewel_02468,60000,Half Yearly,1/2/2011,12/28/2030,7/2/2011,1/2/2012,U.S,Central,Texas,Odessa,79762,400000,60000
3001,Dr.,Anthony,,Foley,Consumer,Married,Male,2/7/1991,1/2/2008,,13579,Mediclaim,Related to Life or Personal Claim,13579_3001,HSB_Lifeclaim_13579,5000,Quarterly,1/2/2008,12/29/2030,4/2/2011,9/27/2011,US,Central,Michigan,Port Huron,48060,500000,60000
1238,Professor,April,,Bowers,Corporate,Married,Male,12/11/1990,1/4/2008,,98765,Auto,Related to 4 wheelers or 3 wheelers or 2 wheelers Claims,98765_1238,HSB_Auto_98765,2000,Monthly,1/4/2008,12/31/2030,2/4/2011,3/4/2011,U.S.A,Central,Texas,Cedar Hill,75104,200000,72000
1360,Professor,Arlene,,Gibbons,Consumer,Married,Male,12/8/1990,1/1/2008,,98765,Auto,Related to 4 wheelers or 3 wheelers or 2 wheelers Claims,98765_1360,HSB_Auto_98765,2000,Monthly,1/1/2008,12/28/2030,2/1/2011,3/1/2011,United States Of America,Central,Iowa,Muscatine,52761,200000,72000
2422,Doctor.,Arlene,Wiggins,Dalton,Home Office,Married,Male,2/5/1993,12/31/2009,,13579,Mediclaim,Related to Life or Personal Claim,13579_2422,HSB_Lifeclaim_13579,5000,Quarterly,12/31/2009,12/27/2032,3/31/2013,9/25/2013,US,Central,Texas,Huntsville,77340,500000,60000
688,Prof.,Ashley,,Reese,Small Business,Married,Male,2/5/1993,12/31/2009,,13579,Mediclaim,Related to Life or Personal Claim,13579_688,HSB_Lifeclaim_13579,5000,Quarterly,12/31/2009,12/27/2032,3/31/2013,9/25/2013,US,Central,Missouri,Saint Louis,63116,500000,60000
2715,Doctor.,Becky,,Farmer,Corporate,Single,Male,2/7/1993,1/3/2013,,12468,Mortgages,"Related to Ornaments, Property Claim",02468_2715,HSB_Jewel_02468,60000,Half Yearly,1/3/2013,12/29/2032,7/3/2013,1/3/2014,U.S.A,Central,Michigan,Lansing,48911,400000,60000
1131,Prof.,Benjamin,,Strauss,Home Office,Single,Male,2/7/1995,1/2/2012,,13579,Mediclaim,Related to Life or Personal Claim,13579_1131,HSB_Lifeclaim_13579,5000,Quarterly,1/2/2012,12/29/2034,4/2/2015,9/27/2015,U.S,Central,Texas,El Paso,79907,500000,60000
2892,Professor,Benjamin,,Porter,Consumer,Single,Male,12/8/1994,1/1/2012,,98765,Auto,Related to 4 wheelers or 3 wheelers or 2 wheelers Claims,98765_2892,HSB_Auto_98765,2000,Monthly,1/1/2012,12/28/2034,2/1/2015,3/1/2015,U.S,Central,Michigan,Livonia,48154,200000,72000
759,Doctor.,Bernice,F,Day,Small Business,Single,Male,2/9/1995,1/5/2015,,12468,Mortgages,"Related to Ornaments, Property Claim",02468_759,HSB_Jewel_02468,60000,Half Yearly,1/5/2015,12/31/2034,7/5/2015,1/5/2016,US,Central,Illinois,Quincy,62301,400000,60000
1416,Doctor.,Betsy,,Gibson,Small Business,Single,Female,2/5/1992,12/30/2008,,13579,Mediclaim,Related to Life or Personal Claim,13579_1416,HSB_Lifeclaim_13579,5000,Quarterly,12/30/2008,12/27/2031,3/30/2012,9/24/2012,US,Central,Indiana,Indianapolis,46203,500000,60000
2630,Doctor.,Betsy,,Puckett,Small Business,Single,Female,2/5/1992,12/30/2011,,12468,Mortgages,"Related to Ornaments, Property Claim",02468_2630,HSB_Jewel_02468,60000,Half Yearly,12/30/2011,12/27/2031,6/30/2012,12/31/2012,USA,Central,Oklahoma,Norman,73071,400000,60000
2897,Dr.,Betty,,Giles,Home Office,Single,Female,2/5/1990,12/31/2006,,13579,Mediclaim,Related to Life or Personal Claim,13579_2897,HSB_Lifeclaim_13579,5000,Quarterly,12/31/2006,12/27/2029,3/31/2010,9/25/2010,United States Of America,Central,Minnesota,Maple Grove,55369,500000,60000
890,Dr.,Billie,,Fowler,Consumer,Single,Female,2/5/1990,1/1/2010,,12468,Mortgages,"Related to Ornaments, Property Claim",02468_890,HSB_Jewel_02468,60000,Half Yearly,1/1/2010,12/27/2029,7/1/2010,1/1/2011,United States Of America,Central,Texas,Bedford,76021,400000,60000
3327,Professor,Bob,,Gibson,Small Business,Single,Male,2/5/1990,12/31/2006,,13579,Mediclaim,Related to Life or Personal Claim,13579_3327,HSB_Lifeclaim_13579,5000,Quarterly,12/31/2006,12/27/2029,3/31/2010,9/25/2010,US,Central,Michigan,Port Huron,48060,500000,60000
2206,Doctor.,Bobby,,Powell,Consumer,Single,Male,2/5/1990,1/1/2010,,12468,Mortgages,"Related to Ornaments, Property Claim",02468_2206,HSB_Jewel_02468,60000,Half Yearly,1/1/2010,12/27/2029,7/1/2010,1/1/2011,US,Central,Iowa,Fort Dodge,50501,400000,60000
2266,Professor,Brandon,,Beach,Corporate,Single,Male,2/5/1990,12/31/2006,,13579,Mediclaim,Related to Life or Personal Claim,13579_2266,HSB_Lifeclaim_13579,5000,Quarterly,12/31/2006,12/27/2029,3/31/2010,9/25/2010,U.S.A,Central,Missouri,Kirkwood,63122,500000,60000
2619,Professor,Brandon,E,Shepherd,Corporate,Single,Male,2/5/1990,12/31/2006,,13579,Mediclaim,Related to Life or Personal Claim,13579_2619,HSB_Lifeclaim_13579,5000,Quarterly,12/31/2006,12/27/2029,3/31/2010,9/25/2010,U.S,Central,South Dakota,Sioux Falls,57103,500000,60000
250,Mistress,Brenda,Nelson,Blanchard,Corporate,Single,Male,2/5/1990,1/1/2010,,12468,Mortgages,"Related to Ornaments, Property Claim",02468_250,HSB_Jewel_02468,60000,Half Yearly,1/1/2010,12/27/2029,7/1/2010,1/1/2011,U.S.A,Central,Minnesota,Richfield,55423,400000,60000
326,Miss.,Brenda,,May,Consumer,Single,Male,2/6/1990,1/2/2010,,12468,Mortgages,"Related to Ornaments, Property Claim",02468_326,HSB_Jewel_02468,60000,Half Yearly,1/2/2010,12/28/2029,7/2/2010,1/2/2011,U.S.A,Central,Illinois,Batavia,60510,400000,60000
2272,Prof.,Brett,,Ingram,Corporate,Single,Male,2/8/1990,1/3/2007,,13579,Mediclaim,Related to Life or Personal Claim,13579_2272,HSB_Lifeclaim_13579,5000,Quarterly,1/3/2007,12/30/2029,4/3/2010,9/28/2010,USA,Central,Texas,Harker Heights,76543,500000,60000
672,Doctor.,Brian,,Leach,Small Business,Single,Male,2/5/1990,1/1/2010,,12468,Mortgages,"Related to Ornaments, Property Claim",02468_672,HSB_Jewel_02468,60000,Half Yearly,1/1/2010,12/27/2029,7/1/2010,1/1/2011,U.S.A,Central,Iowa,Newton,50208,400000,60000
1419,Professor,Brooke,,Lancaster,Small Business,Single,Male,12/8/1989,1/1/2007,,98765,Auto,Related to 4 wheelers or 3 wheelers or 2 wheelers Claims,98765_1419,HSB_Auto_98765,2000,Monthly,1/1/2007,12/28/2029,2/1/2010,3/1/2010,U.S.A,Central,Indiana,Lafayette,47905,200000,72000
408,Mr.,Calvin,Parsons,Walter,Corporate,Single,Male,2/7/1991,1/2/2008,,13579,Mediclaim,Related to Life or Personal Claim,13579_408,HSB_Lifeclaim_13579,5000,Quarterly,1/2/2008,12/29/2030,4/2/2011,9/27/2011,United States Of America,Central,Texas,San Juan,78589,500000,60000
2668,Professor,Carlos,,Hanson,Home Office,Divorced,Male,2/5/1991,12/31/2007,,13579,Mediclaim,Related to Life or Personal Claim,13579_2668,HSB_Lifeclaim_13579,5000,Quarterly,12/31/2007,12/27/2030,3/31/2011,9/25/2011,US,Central,South Dakota,Rapid City,57701,500000,60000
1136,Professor,Carmen,,McPherson,Consumer,Single,Male,2/6/1990,1/2/2010,,12468,Mortgages,"Related to Ornaments, Property Claim",02468_1136,HSB_Jewel_02468,60000,Half Yearly,1/2/2010,12/28/2029,7/2/2010,1/2/2011,United States Of America,Central,Illinois,Carol Stream,60188,400000,60000
915,Prof.,Carol,,Sherrill,Home Office,Single,Male,12/8/1989,1/1/2007,,98765,Auto,Related to 4 wheelers or 3 wheelers or 2 wheelers Claims,98765_915,HSB_Auto_98765,2000,Monthly,1/1/2007,12/28/2029,2/1/2010,3/1/2010,U.S,Central,Texas,Bryan,77803,200000,72000
2718,Dr.,Caroline,,Stone,Consumer,Divorced,Male,2/6/1991,1/1/2008,,13579,Mediclaim,Related to Life or Personal Claim,13579_2718,HSB_Lifeclaim_13579,5000,Quarterly,1/1/2008,12/28/2030,4/1/2011,9/26/2011,USA,Central,Illinois,Lansing,60438,500000,60000
1967,Prof.,Carolyn,,Hoffman,Small Business,Single,Male,2/6/1990,1/1/2007,,13579,Mediclaim,Related to Life or Personal Claim,13579_1967,HSB_Lifeclaim_13579,5000,Quarterly,1/1/2007,12/28/2029,4/1/2010,9/26/2010,U.S,Central,Iowa,Clinton,52732,500000,60000
2862,Prof.,Carrie,,High,Corporate,Divorced,Male,12/8/1989,1/1/2007,,98765,Auto,Related to 4 wheelers or 3 wheelers or 2 wheelers Claims,98765_2862,HSB_Auto_98765,2000,Monthly,1/1/2007,12/28/2029,2/1/2010,3/1/2010,USA,Central,Nebraska,La Vista,68128,200000,72000
3041,Dr.,Carrie,,Duke,Corporate,Divorced,Male,2/5/1990,12/31/2006,,13579,Mediclaim,Related to Life or Personal Claim,13579_3041,HSB_Lifeclaim_13579,5000,Quarterly,12/31/2006,12/27/2029,3/31/2010,9/25/2010,United States Of America,Central,Kansas,Garden City,67846,500000,60000
2014,Prof.,Cathy,,Simon,Home Office,Single,Male,2/5/1991,12/31/2007,,13579,Mediclaim,Related to Life or Personal Claim,13579_2014,HSB_Lifeclaim_13579,5000,Quarterly,12/31/2007,12/27/2030,3/31/2011,9/25/2011,US,Central,Iowa,Council Bluffs,51503,500000,60000
594,Professor,Charlie,,Moore,Consumer,Single,Male,12/7/1990,12/31/2007,,98765,Auto,Related to 4 wheelers or 3 wheelers or 2 wheelers Claims,98765_594,HSB_Auto_98765,2000,Monthly,12/31/2007,12/27/2030,1/31/2011,2/28/2011,U.S.A,Central,Indiana,Anderson,46016,200000,72000
1776,Dr.,Charlotte,,Patterson,Consumer,Single,Male,2/5/1989,12/31/2005,,13579,Mediclaim,Related to Life or Personal Claim,13579_1776,HSB_Lifeclaim_13579,5000,Quarterly,12/31/2005,12/27/2028,3/31/2009,9/25/2009,USA,Central,Indiana,Terre Haute,47802,500000,60000
2796,Professor,Cindy,,McLeod,Corporate,Divorced,Female,2/6/1990,1/1/2007,,13579,Mediclaim,Related to Life or Personal Claim,13579_2796,HSB_Lifeclaim_13579,5000,Quarterly,1/1/2007,12/28/2029,4/1/2010,9/26/2010,USA,Central,Iowa,Sioux City,51106,500000,60000
1080,Prof.,Colleen,,Fletcher,Corporate,Single,Female,2/7/1990,1/2/2007,,13579,Mediclaim,Related to Life or Personal Claim,13579_1080,HSB_Lifeclaim_13579,5000,Quarterly,1/2/2007,12/29/2029,4/2/2010,9/27/2010,USA,Central,Illinois,Saint Charles,60174,500000,60000
2794,Doctor.,Connie,,Bunn,Corporate,Divorced,Female,2/5/1990,12/31/2006,,13579,Mediclaim,Related to Life or Personal Claim,13579_2794,HSB_Lifeclaim_13579,5000,Quarterly,12/31/2006,12/27/2029,3/31/2010,9/25/2010,U.S,Central,Iowa,Marshalltown,50158,500000,60000
1405,Prof.,Crystal,,Floyd,Home Office,Single,Male,2/5/1990,1/1/2010,,12468,Mortgages,"Related to Ornaments, Property Claim",02468_1405,HSB_Jewel_02468,60000,Half Yearly,1/1/2010,12/27/2029,7/1/2010,1/1/2011,United States Of America,Central,Michigan,Battle Creek,49017,400000,60000
865,Professor,Dana,,Burgess,Corporate,Single,Male,2/5/1990,12/31/2006,,13579,Mediclaim,Related to Life or Personal Claim,13579_865,HSB_Lifeclaim_13579,5000,Quarterly,12/31/2006,12/27/2029,3/31/2010,9/25/2010,U.S,Central,Indiana,East Chicago,46312,500000,60000
3360,Dr.,Daniel,,Huff,Home Office,Widowed,Male,2/8/1991,1/3/2008,,13579,Mediclaim,Related to Life or Personal Claim,13579_3360,HSB_Lifeclaim_13579,5000,Quarterly,1/3/2008,12/30/2030,4/3/2011,9/28/2011,USA,Central,Wisconsin,West Allis,53214,500000,60000
381,Miss.,Danielle,,Watts,Corporate,Single,Male,2/8/1990,1/3/2007,,13579,Mediclaim,Related to Life or Personal Claim,13579_381,HSB_Lifeclaim_13579,5000,Quarterly,1/3/2007,12/30/2029,4/3/2010,9/28/2010,US,Central,Illinois,Bloomington,61701,500000,60000
1265,Prof.,Danielle,,Kramer,Home Office,Single,Male,2/7/1990,1/2/2007,,13579,Mediclaim,Related to Life or Personal Claim,13579_1265,HSB_Lifeclaim_13579,5000,Quarterly,1/2/2007,12/29/2029,4/2/2010,9/27/2010,U.S.A,Central,Oklahoma,Altus,73521,500000,60000
1816,Dr.,Danielle,,Schneider,Consumer,Single,Male,2/7/1990,1/2/2007,,13579,Mediclaim,Related to Life or Personal Claim,13579_1816,HSB_Lifeclaim_13579,5000,Quarterly,1/2/2007,12/29/2029,4/2/2010,9/27/2010,U.S.A,Central,Michigan,Canton,48187,500000,60000
2628,Prof.,Danielle,P,Rao,Corporate,Single,Male,2/6/1990,1/1/2007,,13579,Mediclaim,Related to Life or Personal Claim,13579_2628,HSB_Lifeclaim_13579,5000,Quarterly,1/1/2007,12/28/2029,4/1/2010,9/26/2010,U.S.A,Central,Oklahoma,Moore,73160,500000,60000
2201,Doctor.,David,,Hoyle,Small Business,Single,Male,12/9/1989,1/2/2007,,98765,Auto,Related to 4 wheelers or 3 wheelers or 2 wheelers Claims,98765_2201,HSB_Auto_98765,2000,Monthly,1/2/2007,12/29/2029,2/2/2010,3/2/2010,U.S,Central,Minnesota,Bloomington,55420,200000,72000
2791,Prof.,Dawn,,Larson,Corporate,Single,Male,2/7/1993,1/2/2010,,13579,Mediclaim,Related to Life or Personal Claim,13579_2791,HSB_Lifeclaim_13579,5000,Quarterly,1/2/2010,12/29/2032,4/2/2013,9/27/2013,US,Central,Michigan,Madison Heights,48071,500000,60000
1211,Dr.,Debra,,Proctor,Corporate,Single,Male,2/7/1990,1/2/2007,,13579,Mediclaim,Related to Life or Personal Claim,13579_1211,HSB_Lifeclaim_13579,5000,Quarterly,1/2/2007,12/29/2029,4/2/2010,9/27/2010,U.S.A,Central,Indiana,Fort Wayne,46806,500000,60000
2273,Doctor.,Debra,,Block,Corporate,Single,Male,2/5/1990,1/1/2010,,12468,Mortgages,"Related to Ornaments, Property Claim",02468_2273,HSB_Jewel_02468,60000,Half Yearly,1/1/2010,12/27/2029,7/1/2010,1/1/2011,United States Of America,Central,Texas,Harlingen,78550,400000,60000
2433,Professor,Debra,P,May,Consumer,Single,Male,2/6/1990,1/1/2007,,13579,Mediclaim,Related to Life or Personal Claim,13579_2433,HSB_Lifeclaim_13579,5000,Quarterly,1/1/2007,12/28/2029,4/1/2010,9/26/2010,U.S,Central,Oklahoma,Moore,73160,500000,60000
1338,Prof.,Denise,,McIntosh,Home Office,Single,Male,2/9/1990,1/5/2010,,12468,Mortgages,"Related to Ornaments, Property Claim",02468_1338,HSB_Jewel_02468,60000,Half Yearly,1/5/2010,12/31/2029,7/5/2010,1/5/2011,U.S,Central,Illinois,Chicago,60623,400000,60000
1109,Doctor.,Dennis,,Welch,Consumer,Single,Male,12/9/1989,1/2/2007,,98765,Auto,Related to 4 wheelers or 3 wheelers or 2 wheelers Claims,98765_1109,HSB_Auto_98765,2000,Monthly,1/2/2007,12/29/2029,2/2/2010,3/2/2010,USA,Central,Texas,Laredo,78041,200000,72000
1793,Doctor.,Derek,,Jernigan,Home Office,Single,Male,12/10/1989,1/3/2007,,98765,Auto,Related to 4 wheelers or 3 wheelers or 2 wheelers Claims,98765_1793,HSB_Auto_98765,2000,Monthly,1/3/2007,12/30/2029,2/3/2010,3/3/2010,U.S,Central,Illinois,Galesburg,61401,200000,72000
1935,Prof.,Diana,Coble,Hubbard,Home Office,Single,Male,2/5/1992,12/30/2008,,13579,Mediclaim,Related to Life or Personal Claim,13579_1935,HSB_Lifeclaim_13579,5000,Quarterly,12/30/2008,12/27/2031,3/30/2012,9/24/2012,U.S.A,Central,Texas,Grand Prairie,75051,500000,60000
234,Mr.,Don,,Cameron,Small Business,Single,Male,2/5/1992,12/30/2008,,13579,Mediclaim,Related to Life or Personal Claim,13579_234,HSB_Lifeclaim_13579,5000,Quarterly,12/30/2008,12/27/2031,3/30/2012,9/24/2012,U.S,Central,Iowa,Newton,50208,500000,60000
1492,Prof.,Don,,Beard,Corporate,Single,Male,2/7/1992,1/2/2012,,12468,Mortgages,"Related to Ornaments, Property Claim",02468_1492,HSB_Jewel_02468,60000,Half Yearly,1/2/2012,12/29/2031,7/2/2012,1/2/2013,U.S,Central,Missouri,Ozark,65721,400000,60000
596,Prof.,Doris,,Fitzpatrick,Consumer,Single,Male,12/7/1990,12/31/2007,,98765,Auto,Related to 4 wheelers or 3 wheelers or 2 wheelers Claims,98765_596,HSB_Auto_98765,2000,Monthly,12/31/2007,12/27/2030,1/31/2011,2/28/2011,USA,Central,Indiana,Carmel,46032,200000,72000
2426,Professor,Dorothy,,Holt,Small Business,Single,Male,12/7/1990,12/31/2007,,98765,Auto,Related to 4 wheelers or 3 wheelers or 2 wheelers Claims,98765_2426,HSB_Auto_98765,2000,Monthly,12/31/2007,12/27/2030,1/31/2011,2/28/2011,U.S.A,Central,Texas,Irving,75061,200000,72000
1108,Prof.,Dwight,,Bishop,Small Business,Single,Male,2/5/1991,1/1/2011,,12468,Mortgages,"Related to Ornaments, Property Claim",02468_1108,HSB_Jewel_02468,60000,Half Yearly,1/1/2011,12/27/2030,7/1/2011,1/1/2012,U.S.A,Central,Texas,Lancaster,75146,400000,60000
2861,Professor,Dwight,,Robinson,Corporate,Widowed,Male,2/7/1991,1/3/2011,,12468,Mortgages,"Related to Ornaments, Property Claim",02468_2861,HSB_Jewel_02468,60000,Half Yearly,1/3/2011,12/29/2030,7/3/2011,1/3/2012,U.S.A,Central,Kansas,Hays,67601,400000,60000
94,Mister.,Eddie,House,Mueller,Home Office,Single,Male,2/5/1991,1/1/2011,,12468,Mortgages,"Related to Ornaments, Property Claim",02468_94,HSB_Jewel_02468,60000,Half Yearly,1/1/2011,12/27/2030,7/1/2011,1/1/2012,US,Central,Illinois,Chicago,60601,400000,60000
94,Mister.,Eddie,House,Mueller,Home Office,Single,Male,2/5/1991,1/1/2011,,12468,Mortgages,"Related to Ornaments, Property Claim",02468_94,HSB_Jewel_02468,60000,Half Yearly,1/1/2011,12/27/2030,7/1/2011,1/1/2012,US,Central,Illinois,Chicago,60601,400000,60000
2203,Professor,Eddie,,Walker,Home Office,Single,Male,2/5/1993,1/1/2013,,12468,Mortgages,"Related to Ornaments, Property Claim",02468_2203,HSB_Jewel_02468,60000,Half Yearly,1/1/2013,12/27/2032,7/1/2013,1/1/2014,USA,Central,Minnesota,Brooklyn Park,55445,400000,60000
483,Mr,Edgar,,McKenzie,Corporate,Single,Male,2/5/1993,1/1/2013,,12468,Mortgages,"Related to Ornaments, Property Claim",02468_483,HSB_Jewel_02468,60000,Half Yearly,1/1/2013,12/27/2032,7/1/2013,1/1/2014,USA,Central,Illinois,Oswego,60543,400000,60000
3036,Doctor.,Edith,,Reynolds,Home Office,Married,Male,2/5/1995,12/31/2011,,13579,Mediclaim,Related to Life or Personal Claim,13579_3036,HSB_Lifeclaim_13579,5000,Quarterly,12/31/2011,12/27/2034,3/31/2015,9/25/2015,USA,Central,North Dakota,Mandan,58554,500000,60000
550,Mrs.,Edna,Monroe,Talley,Corporate,Single,Male,2/5/1992,12/30/2011,,12468,Mortgages,"Related to Ornaments, Property Claim",02468_550,HSB_Jewel_02468,60000,Half Yearly,12/30/2011,12/27/2031,6/30/2012,12/31/2012,U.S.A,Central,Texas,Seguin,78155,400000,60000
1561,Doctor.,Edwin,,Coley,Corporate,Single,Male,12/7/1989,12/31/2006,,98765,Auto,Related to 4 wheelers or 3 wheelers or 2 wheelers Claims,98765_1561,HSB_Auto_98765,2000,Monthly,12/31/2006,12/27/2029,1/31/2010,2/28/2010,U.S,Central,Texas,Mansfield,76063,200000,72000
1212,Professor,Eileen,,Fletcher,Corporate,Single,Male,2/5/1990,1/1/2010,,12468,Mortgages,"Related to Ornaments, Property Claim",02468_1212,HSB_Jewel_02468,60000,Half Yearly,1/1/2010,12/27/2029,7/1/2010,1/1/2011,USA,Central,Indiana,Gary,46404,400000,60000
2046,Professor,Eileen,,Schwartz,Corporate,Single,Male,2/5/1994,1/1/2014,,12468,Mortgages,"Related to Ornaments, Property Claim",02468_2046,HSB_Jewel_02468,60000,Half Yearly,1/1/2014,12/27/2033,7/1/2014,1/1/2015,USA,Central,Kansas,Liberal,67901,400000,60000
2958,Doctor.,Ellen,,Sparks,Corporate,Married,Male,2/5/1991,1/1/2011,,12468,Mortgages,"Related to Ornaments, Property Claim",02468_2958,HSB_Jewel_02468,60000,Half Yearly,1/1/2011,12/27/2030,7/1/2011,1/1/2012,U.S,Central,Wisconsin,Neenah,54956,400000,60000
2944,Doctor.,Elsie,,Lane,Corporate,Married,Male,2/5/1990,12/31/2006,,13579,Mediclaim,Related to Life or Personal Claim,13579_2944,HSB_Lifeclaim_13579,5000,Quarterly,12/31/2006,12/27/2029,3/31/2010,9/25/2010,U.S.A,Central,Michigan,Midland,48640,500000,60000
392,Mrs.,Erica,R,Fuller,Corporate,Single,Male,12/7/1993,12/31/2010,,98765,Auto,Related to 4 wheelers or 3 wheelers or 2 wheelers Claims,98765_392,HSB_Auto_98765,2000,Monthly,12/31/2010,12/27/2033,1/31/2014,2/28/2014,USA,Central,Missouri,Clayton,63105,200000,72000
1068,Doctor.,Erik,,Barr,Home Office,Single,Male,2/5/1990,12/31/2006,,13579,Mediclaim,Related to Life or Personal Claim,13579_1068,HSB_Lifeclaim_13579,5000,Quarterly,12/31/2006,12/27/2029,3/31/2010,9/25/2010,US,Central,Illinois,Calumet City,60409,500000,60000
2920,Prof.,Ernest,,Peele,Home Office,Married,Male,2/5/1990,1/1/2010,,12468,Mortgages,"Related to Ornaments, Property Claim",02468_2920,HSB_Jewel_02468,60000,Half Yearly,1/1/2010,12/27/2029,7/1/2010,1/1/2011,U.S,Central,Illinois,Chicago,60603,400000,60000
2587,Prof.,Eugene,H,Walsh,Home Office,Single,Male,12/7/1989,12/31/2006,,98765,Auto,Related to 4 wheelers or 3 wheelers or 2 wheelers Claims,98765_2587,HSB_Auto_98765,2000,Monthly,12/31/2006,12/27/2029,1/31/2010,2/28/2010,USA,Central,Wisconsin,Manitowoc,54220,200000,72000
592,Doctor.,Eva,,Silverman,Small Business,Single,Male,2/5/1990,12/31/2006,,13579,Mediclaim,Related to Life or Personal Claim,13579_592,HSB_Lifeclaim_13579,5000,Quarterly,12/31/2006,12/27/2029,3/31/2010,9/25/2010,US,Central,Illinois,Wilmette,60091,500000,60000
1237,Dr.,Eva,,Simpson,Corporate,Single,Male,2/5/1994,1/1/2014,,12468,Mortgages,"Related to Ornaments, Property Claim",02468_1237,HSB_Jewel_02468,60000,Half Yearly,1/1/2014,12/27/2033,7/1/2014,1/1/2015,U.S,Central,Texas,Carrollton,75007,400000,60000
2073,Prof.,Evan,,Kelley,Consumer,Single,Male,12/7/1991,12/31/2008,,98765,Auto,Related to 4 wheelers or 3 wheelers or 2 wheelers Claims,98765_2073,HSB_Auto_98765,2000,Monthly,12/31/2008,12/27/2031,1/31/2012,2/28/2012,USA,Central,Michigan,Garden City,48135,200000,72000
1433,Dr.,Frances,,Jackson,Corporate,Single,Male,2/5/1993,12/31/2009,,13579,Mediclaim,Related to Life or Personal Claim,13579_1433,HSB_Lifeclaim_13579,5000,Quarterly,12/31/2009,12/27/2032,3/31/2013,9/25/2013,US,Central,Indiana,Jeffersonville,47130,500000,60000
2957,Prof.,Francis,I,Davis,Corporate,Married,Male,2/5/1993,12/31/2009,,13579,Mediclaim,Related to Life or Personal Claim,13579_2957,HSB_Lifeclaim_13579,5000,Quarterly,12/31/2009,12/27/2032,3/31/2013,9/25/2013,US,Central,Wisconsin,Milwaukee,53209,500000,60000
1938,Doctor.,Franklin,,Spencer,Corporate,Single,Male,2/5/1991,1/1/2011,,12468,Mortgages,"Related to Ornaments, Property Claim",02468_1938,HSB_Jewel_02468,60000,Half Yearly,1/1/2011,12/27/2030,7/1/2011,1/1/2012,USA,Central,Kansas,Emporia,66801,400000,60000
2976,Professor,Fred,,Barber,Small Business,Married,Male,2/5/1992,12/30/2011,,12468,Mortgages,"Related to Ornaments, Property Claim",02468_2976,HSB_Jewel_02468,60000,Half Yearly,12/30/2011,12/27/2031,6/30/2012,12/31/2012,USA,Central,Wisconsin,Oak Creek,53154,400000,60000
2499,Professor,Geoffrey,,Koch,Corporate,Single,Male,12/7/1992,12/31/2009,,98765,Auto,Related to 4 wheelers or 3 wheelers or 2 wheelers Claims,98765_2499,HSB_Auto_98765,2000,Monthly,12/31/2009,12/27/2032,1/31/2013,2/28/2013,United States Of America,Central,Illinois,Kankakee,60901,200000,72000
191,Mister.,Gerald,,Kearney,Corporate,Single,Male,2/5/1993,1/1/2013,,12468,Mortgages,"Related to Ornaments, Property Claim",02468_191,HSB_Jewel_02468,60000,Half Yearly,1/1/2013,12/27/2032,7/1/2013,1/1/2014,U.S,Central,Illinois,Aurora,60505,400000,60000
191,Mister.,Gerald,,Kearney,Corporate,Single,Male,2/5/1993,1/1/2013,,12468,Mortgages,"Related to Ornaments, Property Claim",02468_191,HSB_Jewel_02468,60000,Half Yearly,1/1/2013,12/27/2032,7/1/2013,1/1/2014,U.S,Central,Illinois,Aurora,60505,400000,60000
2617,Dr.,Gerald,,Crabtree,Corporate,Single,Male,2/5/1989,12/31/2005,,13579,Mediclaim,Related to Life or Personal Claim,13579_2617,HSB_Lifeclaim_13579,5000,Quarterly,12/31/2005,12/27/2028,3/31/2009,9/25/2009,US,Central,South Dakota,Aberdeen,57401,500000,60000
2466,Doctor.,Gilbert,,Godfrey,Corporate,Single,Male,2/5/1992,12/30/2008,,13579,Mediclaim,Related to Life or Personal Claim,13579_2466,HSB_Lifeclaim_13579,5000,Quarterly,12/30/2008,12/27/2031,3/30/2012,9/24/2012,U.S.A,Central,Michigan,Sault Sainte Marie,49783,500000,60000
2290,Professor,Glen,,Robertson,Corporate,Single,Male,2/5/1992,12/30/2011,,12468,Mortgages,"Related to Ornaments, Property Claim",02468_2290,HSB_Jewel_02468,60000,Half Yearly,12/30/2011,12/27/2031,6/30/2012,12/31/2012,US,Central,Minnesota,Coon Rapids,55433,400000,60000
2339,Prof.,Gordon,,Boswell,Home Office,Single,Male,2/5/1991,12/31/2007,,13579,Mediclaim,Related to Life or Personal Claim,13579_2339,HSB_Lifeclaim_13579,5000,Quarterly,12/31/2007,12/27/2030,3/31/2011,9/25/2011,US,Central,Texas,Cloverleaf,77015,500000,60000
3125,Dr.,Guy,,McDonald,Home Office,Married,Male,2/5/1993,1/1/2013,,12468,Mortgages,"Related to Ornaments, Property Claim",02468_3125,HSB_Jewel_02468,60000,Half Yearly,1/1/2013,12/27/2032,7/1/2013,1/1/2014,U.S.A,Central,Illinois,Mount Prospect,60056,400000,60000
14,Mr.,Gwendolyn,F,Tyson,Small Business,Single,Male,2/5/1992,12/30/2008,,13579,Mediclaim,Related to Life or Personal Claim,13579_14,HSB_Lifeclaim_13579,5000,Quarterly,12/30/2008,12/27/2031,3/30/2012,9/24/2012,USA,Central,Minnesota,Prior Lake,55372,500000,60000
14,Mr.,Gwendolyn,F,Tyson,Small Business,Single,Male,2/5/1992,12/30/2008,,13579,Mediclaim,Related to Life or Personal Claim,13579_14,HSB_Lifeclaim_13579,5000,Quarterly,12/30/2008,12/27/2031,3/30/2012,9/24/2012,USA,Central,Minnesota,Prior Lake,55372,500000,60000
2912,Professor,Hannah,,Carver,Home Office,Married,Male,2/5/1990,12/31/2006,,13579,Mediclaim,Related to Life or Personal Claim,13579_2912,HSB_Lifeclaim_13579,5000,Quarterly,12/31/2006,12/27/2029,3/31/2010,9/25/2010,US,Central,North Dakota,Grand Forks,58201,500000,60000
2795,Dr.,Harry,,Burns,Corporate,Single,Male,2/5/1993,1/1/2013,,12468,Mortgages,"Related to Ornaments, Property Claim",02468_2795,HSB_Jewel_02468,60000,Half Yearly,1/1/2013,12/27/2032,7/1/2013,1/1/2014,U.S.A,Central,Iowa,Mason City,50401,400000,60000
1083,Doctor.,Hazel,,Dale,Corporate,Single,Male,2/5/1991,1/1/2011,,12468,Mortgages,"Related to Ornaments, Property Claim",02468_1083,HSB_Jewel_02468,60000,Half Yearly,1/1/2011,12/27/2030,7/1/2011,1/1/2012,United States Of America,Central,Illinois,Springfield,62701,400000,60000
1748,Doctor.,Helen,,Simpson,Consumer,Single,Male,12/7/1988,12/31/2005,,98765,Auto,Related to 4 wheelers or 3 wheelers or 2 wheelers Claims,98765_1748,HSB_Auto_98765,2000,Monthly,12/31/2005,12/27/2028,1/31/2009,2/28/2009,USA,Central,Oklahoma,Enid,73703,200000,72000
1247,Prof.,Henry,,O'Connell,Home Office,Single,Male,12/7/1993,12/31/2010,,98765,Auto,Related to 4 wheelers or 3 wheelers or 2 wheelers Claims,98765_1247,HSB_Auto_98765,2000,Monthly,12/31/2010,12/27/2033,1/31/2014,2/28/2014,USA,Central,Texas,Leander,78641,200000,72000
1298,Professor,Herbert,,Beard,Home Office,Single,Male,2/5/1991,12/31/2007,,13579,Mediclaim,Related to Life or Personal Claim,13579_1298,HSB_Lifeclaim_13579,5000,Quarterly,12/31/2007,12/27/2030,3/31/2011,9/25/2011,US,Central,Texas,Sulphur Springs,75482,500000,60000
792,Professor,Holly,,Pate,Corporate,Single,Male,2/5/1990,12/31/2006,,13579,Mediclaim,Related to Life or Personal Claim,13579_792,HSB_Lifeclaim_13579,5000,Quarterly,12/31/2006,12/27/2029,3/31/2010,9/25/2010,U.S.A,Central,Oklahoma,Mustang,73064,500000,60000
619,Dr.,Howard,,Rogers,Consumer,Single,Male,12/7/1991,12/31/2008,,98765,Auto,Related to 4 wheelers or 3 wheelers or 2 wheelers Claims,98765_619,HSB_Auto_98765,2000,Monthly,12/31/2008,12/27/2031,1/31/2012,2/28/2012,US,Central,Michigan,Southgate,48195,200000,72000
1818,Professor,Ian,,Hall,Consumer,Single,Male,2/5/1990,12/31/2006,,13579,Mediclaim,Related to Life or Personal Claim,13579_1818,HSB_Lifeclaim_13579,5000,Quarterly,12/31/2006,12/27/2029,3/31/2010,9/25/2010,USA,Central,Michigan,Dearborn,48126,500000,60000
2117,Professor,Jack,,Hatcher,Home Office,Single,Male,2/5/1992,12/30/2011,,12468,Mortgages,"Related to Ornaments, Property Claim",02468_2117,HSB_Jewel_02468,60000,Half Yearly,12/30/2011,12/27/2031,6/30/2012,12/31/2012,U.S,Central,Texas,Greenville,75401,400000,60000
2265,Dr.,James,,Davenport,Corporate,Single,Male,2/5/1993,12/31/2009,,13579,Mediclaim,Related to Life or Personal Claim,13579_2265,HSB_Lifeclaim_13579,5000,Quarterly,12/31/2009,12/27/2032,3/31/2013,9/25/2013,U.S,Central,Missouri,Kansas City,64130,500000,60000
950,Dr.,Jane,,Shah,Consumer,Single,Male,2/5/1992,12/30/2008,,13579,Mediclaim,Related to Life or Personal Claim,13579_950,HSB_Lifeclaim_13579,5000,Quarterly,12/30/2008,12/27/2031,3/30/2012,9/24/2012,USA,Central,Minnesota,Prior Lake,55372,500000,60000
373,Miss.,Jeanne,,Werner,Small Business,Single,Male,2/5/1992,12/30/2011,,12468,Mortgages,"Related to Ornaments, Property Claim",02468_373,HSB_Jewel_02468,60000,Half Yearly,12/30/2011,12/27/2031,6/30/2012,12/31/2012,USA,Central,Michigan,Detroit,48234,400000,60000
1771,Prof.,Jeff,,Spivey,Home Office,Single,Male,2/5/1990,12/31/2006,,13579,Mediclaim,Related to Life or Personal Claim,13579_1771,HSB_Lifeclaim_13579,5000,Quarterly,12/31/2006,12/27/2029,3/31/2010,9/25/2010,U.S,Central,Illinois,Freeport,61032,500000,60000
767,Dr.,Jeffrey,,Mueller,Corporate,Single,Male,2/5/1993,1/1/2013,,12468,Mortgages,"Related to Ornaments, Property Claim",02468_767,HSB_Jewel_02468,60000,Half Yearly,1/1/2013,12/27/2032,7/1/2013,1/1/2014,U.S,Central,Illinois,Rock Island,61201,400000,60000
3359,Doctor.,Jeffrey,,Cheng,Home Office,Married,Male,2/5/1991,12/31/2007,,13579,Mediclaim,Related to Life or Personal Claim,13579_3359,HSB_Lifeclaim_13579,5000,Quarterly,12/31/2007,12/27/2030,3/31/2011,9/25/2011,U.S.A,Central,Wisconsin,Wauwatosa,53213,500000,60000
896,Professor,Jennifer,,Siegel,Corporate,Single,Male,2/5/1992,12/30/2011,,12468,Mortgages,"Related to Ornaments, Property Claim",02468_896,HSB_Jewel_02468,60000,Half Yearly,12/30/2011,12/27/2031,6/30/2012,12/31/2012,US,Central,Texas,Denton,76201,400000,60000
3191,Doctor.,Jenny,,Hawkins,Corporate,Married,Male,2/5/1990,12/31/2006,,13579,Mediclaim,Related to Life or Personal Claim,13579_3191,HSB_Lifeclaim_13579,5000,Quarterly,12/31/2006,12/27/2029,3/31/2010,9/25/2010,United States Of America,Central,Wisconsin,Stevens Point,54481,500000,60000
1213,Prof.,Jeremy,,Pratt,Corporate,Single,Male,2/5/1994,12/31/2010,,13579,Mediclaim,Related to Life or Personal Claim,13579_1213,HSB_Lifeclaim_13579,5000,Quarterly,12/31/2010,12/27/2033,3/31/2014,9/25/2014,United States Of America,Central,Indiana,Granger,46530,500000,60000
3141,Doctor.,Jerome,,McIntosh,Consumer,Married,Male,2/5/1992,12/30/2008,,13579,Mediclaim,Related to Life or Personal Claim,13579_3141,HSB_Lifeclaim_13579,5000,Quarterly,12/30/2008,12/27/2031,3/30/2012,9/24/2012,US,Central,Texas,Pasadena,77506,500000,60000
3344,Prof.,Jim,,Hinson,Home Office,Married,Male,12/7/1991,12/31/2008,,98765,Auto,Related to 4 wheelers or 3 wheelers or 2 wheelers Claims,98765_3344,HSB_Auto_98765,2000,Monthly,12/31/2008,12/27/2031,1/31/2012,2/28/2012,U.S,Central,Michigan,Rochester Hills,48307,200000,72000
2282,Prof.,Jimmy,,Waters,Home Office,Single,Male,2/5/1990,12/31/2006,,13579,Mediclaim,Related to Life or Personal Claim,13579_2282,HSB_Lifeclaim_13579,5000,Quarterly,12/31/2006,12/27/2029,3/31/2010,9/25/2010,U.S.A,Central,Wisconsin,Fitchburg,53713,500000,60000
1107,Professor,Joanna,,Keith,Small Business,Single,Female,2/5/1992,12/30/2008,,13579,Mediclaim,Related to Life or Personal Claim,13579_1107,HSB_Lifeclaim_13579,5000,Quarterly,12/30/2008,12/27/2031,3/30/2012,9/24/2012,U.S,Central,Texas,Lake Jackson,77566,500000,60000
2187,Professor,Joanne,,Spivey,Corporate,Single,Female,2/5/1990,12/31/2006,,13579,Mediclaim,Related to Life or Personal Claim,13579_2187,HSB_Lifeclaim_13579,5000,Quarterly,12/31/2006,12/27/2029,3/31/2010,9/25/2010,United States Of America,Central,Missouri,Independence,64055,500000,60000
1369,Dr.,Joe,D,Dean,Consumer,Single,Female,2/5/1993,12/31/2009,,13579,Mediclaim,Related to Life or Personal Claim,13579_1369,HSB_Lifeclaim_13579,5000,Quarterly,12/31/2009,12/27/2032,3/31/2013,9/25/2013,U.S.A,Central,Texas,Mansfield,76063,500000,60000
389,Mr,Joel,,Buckley,Corporate,Single,Female,12/7/1992,12/31/2009,,98765,Auto,Related to 4 wheelers or 3 wheelers or 2 wheelers Claims,98765_389,HSB_Auto_98765,2000,Monthly,12/31/2009,12/27/2032,1/31/2013,2/28/2013,U.S.A,Central,Nebraska,Lincoln,68502,200000,72000
593,Dr.,Joel,,Huffman,Small Business,Single,Female,2/5/1990,12/31/2006,,13579,Mediclaim,Related to Life or Personal Claim,13579_593,HSB_Lifeclaim_13579,5000,Quarterly,12/31/2006,12/27/2029,3/31/2010,9/25/2010,U.S,Central,Illinois,Woodridge,60517,500000,60000
1548,Prof.,John,,Bray,Corporate,Single,Female,2/5/1991,1/1/2011,,12468,Mortgages,"Related to Ornaments, Property Claim",02468_1548,HSB_Jewel_02468,60000,Half Yearly,1/1/2011,12/27/2030,7/1/2011,1/1/2012,US,Central,Indiana,Richmond,47374,400000,60000
2427,Prof.,John,,Merritt,Corporate,Single,Female,2/5/1992,12/30/2008,,13579,Mediclaim,Related to Life or Personal Claim,13579_2427,HSB_Lifeclaim_13579,5000,Quarterly,12/30/2008,12/27/2031,3/30/2012,9/24/2012,USA,Central,Texas,Keller,76248,500000,60000
696,Dr.,Johnny,,Reid,Corporate,Single,Female,2/5/1991,1/1/2011,,12468,Mortgages,"Related to Ornaments, Property Claim",02468_696,HSB_Jewel_02468,60000,Half Yearly,1/1/2011,12/27/2030,7/1/2011,1/1/2012,U.S.A,Central,Indiana,Crown Point,46307,400000,60000
2139,Professor,Jon,,Kendall,Corporate,Single,Female,2/5/1989,1/1/2009,,12468,Mortgages,"Related to Ornaments, Property Claim",02468_2139,HSB_Jewel_02468,60000,Half Yearly,1/1/2009,12/27/2028,7/1/2009,1/1/2010,US,Central,Wisconsin,Watertown,53094,400000,60000
3211,Professor,Jonathan,,Crabtree,Corporate,Married,Female,2/5/1992,12/30/2011,,12468,Mortgages,"Related to Ornaments, Property Claim",02468_3211,HSB_Jewel_02468,60000,Half Yearly,12/30/2011,12/27/2031,6/30/2012,12/31/2012,U.S,Central,Illinois,Addison,60101,400000,60000
2951,Dr.,Jordan,,Womble,Corporate,Married,Female,12/7/1989,12/31/2006,,98765,Auto,Related to 4 wheelers or 3 wheelers or 2 wheelers Claims,98765_2951,HSB_Auto_98765,2000,Monthly,12/31/2006,12/27/2029,1/31/2010,2/28/2010,USA,Central,Kansas,Hays,67601,200000,72000
3045,Prof.,Jordan,,Beard,Small Business,Married,Female,2/5/1993,12/31/2009,,13579,Mediclaim,Related to Life or Personal Claim,13579_3045,HSB_Lifeclaim_13579,5000,Quarterly,12/31/2009,12/27/2032,3/31/2013,9/25/2013,U.S,Central,Kansas,Leavenworth,66048,500000,60000
1511,Dr.,Joseph,,Dawson,Corporate,Single,Female,2/5/1991,12/31/2007,,13579,Mediclaim,Related to Life or Personal Claim,13579_1511,HSB_Lifeclaim_13579,5000,Quarterly,12/31/2007,12/27/2030,3/31/2011,9/25/2011,USA,Central,Indiana,Muncie,47302,500000,60000
1279,Doctor.,Josephine,,Rao,Corporate,Single,Female,2/5/1993,1/1/2013,,12468,Mortgages,"Related to Ornaments, Property Claim",02468_1279,HSB_Jewel_02468,60000,Half Yearly,1/1/2013,12/27/2032,7/1/2013,1/1/2014,USA,Central,Indiana,Hammond,46324,400000,60000
2127,Prof.,Joyce,,Kern,Home Office,Single,Female,2/5/1989,12/31/2005,,13579,Mediclaim,Related to Life or Personal Claim,13579_2127,HSB_Lifeclaim_13579,5000,Quarterly,12/31/2005,12/27/2028,3/31/2009,9/25/2009,U.S.A,Central,Michigan,Sterling Heights,48310,500000,60000
635,Professor,Juan,,Justice,Corporate,Single,Female,2/5/1993,12/31/2009,,13579,Mediclaim,Related to Life or Personal Claim,13579_635,HSB_Lifeclaim_13579,5000,Quarterly,12/31/2009,12/27/2032,3/31/2013,9/25/2013,U.S,Central,Minnesota,Saint Paul,55106,500000,60000
2437,Prof.,Judith,,Shepherd,Home Office,Single,Female,2/5/1992,12/30/2011,,12468,Mortgages,"Related to Ornaments, Property Claim",02468_2437,HSB_Jewel_02468,60000,Half Yearly,12/30/2011,12/27/2031,6/30/2012,12/31/2012,U.S.A,Central,Wisconsin,Muskego,53150,400000,60000
445,Mrs.,Judy,,Barrett,Small Business,Single,Female,2/5/1995,12/31/2011,,13579,Mediclaim,Related to Life or Personal Claim,13579_445,HSB_Lifeclaim_13579,5000,Quarterly,12/31/2011,12/27/2034,3/31/2015,9/25/2015,U.S,Central,Nebraska,Norfolk,68701,500000,60000
2398,Prof.,Julian,F,Wolfe,Corporate,Single,Female,2/5/1992,12/30/2008,,13579,Mediclaim,Related to Life or Personal Claim,13579_2398,HSB_Lifeclaim_13579,5000,Quarterly,12/30/2008,12/27/2031,3/30/2012,9/24/2012,United States Of America,Central,Illinois,Hanover Park,60103,500000,60000
1020,Professor,Julie,,Porter,Small Business,Single,Female,2/5/1991,12/31/2007,,13579,Mediclaim,Related to Life or Personal Claim,13579_1020,HSB_Lifeclaim_13579,5000,Quarterly,12/31/2007,12/27/2030,3/31/2011,9/25/2011,USA,Central,Kansas,Pittsburg,66762,500000,60000
1682,Professor,Julie,,Edwards,Consumer,Single,Female,2/5/1998,12/31/2014,,13579,Mediclaim,Related to Life or Personal Claim,13579_1682,HSB_Lifeclaim_13579,5000,Quarterly,12/31/2014,12/27/2037,3/31/2018,9/25/2018,U.S.A,Central,Illinois,Chicago,60611,500000,60000
1618,Professor,June,,Roberts,Consumer,Single,Female,2/5/1994,12/31/2010,,13579,Mediclaim,Related to Life or Personal Claim,13579_1618,HSB_Lifeclaim_13579,5000,Quarterly,12/31/2010,12/27/2033,3/31/2014,9/25/2014,USA,Central,Indiana,Highland,46322,500000,60000
129,Miss.,Kara,,Allison,Small Business,Single,Female,2/5/1997,12/31/2013,,13579,Mediclaim,Related to Life or Personal Claim,13579_129,HSB_Lifeclaim_13579,5000,Quarterly,12/31/2013,12/27/2036,3/31/2017,9/25/2017,U.S.A,Central,Illinois,Alton,62002,500000,60000
129,Miss.,Kara,,Allison,Small Business,Single,Female,2/5/1997,12/31/2013,,13579,Mediclaim,Related to Life or Personal Claim,13579_129,HSB_Lifeclaim_13579,5000,Quarterly,12/31/2013,12/27/2036,3/31/2017,9/25/2017,U.S.A,Central,Illinois,Alton,62002,500000,60000
1250,Doctor.,Kara,,Patton,Corporate,Single,Female,2/5/1991,12/31/2007,,13579,Mediclaim,Related to Life or Personal Claim,13579_1250,HSB_Lifeclaim_13579,5000,Quarterly,12/31/2007,12/27/2030,3/31/2011,9/25/2011,United States Of America,Central,Illinois,Carpentersville,60110,500000,60000
2330,Doctor.,Kara,,Foster,Home Office,Single,Female,2/5/1998,12/31/2014,,13579,Mediclaim,Related to Life or Personal Claim,13579_2330,HSB_Lifeclaim_13579,5000,Quarterly,12/31/2014,12/27/2037,3/31/2018,9/25/2018,U.S.A,Central,Iowa,Marion,52302,500000,60000
2563,Doctor.,Karen,,Warren,Home Office,Single,Female,2/5/1995,12/31/2011,,13579,Mediclaim,Related to Life or Personal Claim,13579_2563,HSB_Lifeclaim_13579,5000,Quarterly,12/31/2011,12/27/2034,3/31/2015,9/25/2015,US,Central,Minnesota,Fridley,55432,500000,60000
2555,Prof.,Karl,,Knowles,Home Office,Single,Female,2/5/1998,12/31/2014,,13579,Mediclaim,Related to Life or Personal Claim,13579_2555,HSB_Lifeclaim_13579,5000,Quarterly,12/31/2014,12/27/2037,3/31/2018,9/25/2018,United States Of America,Central,Wisconsin,Madison,53711,500000,60000
1826,Prof.,Kate,,Peck,Corporate,Single,Female,2/5/1994,12/31/2010,,13579,Mediclaim,Related to Life or Personal Claim,13579_1826,HSB_Lifeclaim_13579,5000,Quarterly,12/31/2010,12/27/2033,3/31/2014,9/25/2014,United States Of America,Central,Iowa,Bettendorf,52722,500000,60000
2893,Prof.,Kathryn,,Tate,Consumer,Single,Female,2/5/1992,12/30/2008,,13579,Mediclaim,Related to Life or Personal Claim,13579_2893,HSB_Lifeclaim_13579,5000,Quarterly,12/30/2008,12/27/2031,3/30/2012,9/24/2012,U.S.A,Central,Michigan,Madison Heights,48071,500000,60000
1505,Doctor.,Kay,,Schultz,Small Business,Single,Female,2/5/1986,1/1/2006,,12468,Mortgages,"Related to Ornaments, Property Claim",02468_1505,HSB_Jewel_02468,60000,Half Yearly,1/1/2006,12/27/2025,7/1/2006,1/1/2007,U.S.A,Central,Texas,College Station,77840,400000,60000
2070,Doctor.,Kelly,,Collins,Corporate,Single,Female,2/5/1998,1/1/2018,,12468,Mortgages,"Related to Ornaments, Property Claim",02468_2070,HSB_Jewel_02468,60000,Half Yearly,1/1/2018,12/27/2037,7/1/2018,1/1/2019,US,Central,Michigan,Eastpointe,48021,400000,60000
1432,Doctor.,Kerry,,Green,Corporate,Single,Female,2/5/1996,12/30/2012,,13579,Mediclaim,Related to Life or Personal Claim,13579_1432,HSB_Lifeclaim_13579,5000,Quarterly,12/30/2012,12/27/2035,3/30/2016,9/24/2016,United States Of America,Central,Indiana,Indianapolis,46203,500000,60000
2500,Prof.,Kevin,,Smith,Small Business,Single,Female,12/7/1987,12/31/2004,,98765,Auto,Related to 4 wheelers or 3 wheelers or 2 wheelers Claims,98765_2500,HSB_Auto_98765,2000,Monthly,12/31/2004,12/27/2027,1/31/2008,2/28/2008,US,Central,Illinois,Lake In The Hills,60102,200000,72000
2999,Prof.,Kim,,McCarthy,Consumer,Single,Female,2/5/1990,12/31/2006,,13579,Mediclaim,Related to Life or Personal Claim,13579_2999,HSB_Lifeclaim_13579,5000,Quarterly,12/31/2006,12/27/2029,3/31/2010,9/25/2010,USA,Central,Michigan,Oak Park,48237,500000,60000
2430,Doctor.,Kimberly,,Reilly,Home Office,Single,Female,2/5/1996,12/30/2015,,12468,Mortgages,"Related to Ornaments, Property Claim",02468_2430,HSB_Jewel_02468,60000,Half Yearly,12/30/2015,12/27/2035,6/30/2016,12/31/2016,United States Of America,Central,Texas,Killeen,76541,400000,60000
1361,Prof.,Kristina,,Collier,Consumer,Single,Female,2/5/1988,12/30/2007,,12468,Mortgages,"Related to Ornaments, Property Claim",02468_1361,HSB_Jewel_02468,60000,Half Yearly,12/30/2007,12/27/2027,6/30/2008,12/31/2008,US,Central,Michigan,Allen Park,48101,400000,60000
3133,Prof.,Kristine,,Singleton,Corporate,Single,Female,2/5/1995,1/1/2015,,12468,Mortgages,"Related to Ornaments, Property Claim",02468_3133,HSB_Jewel_02468,60000,Half Yearly,1/1/2015,12/27/2034,7/1/2015,1/1/2016,United States Of America,Central,Illinois,Naperville,60540,400000,60000
1128,Professor,Kurt,,O'Connor,Consumer,Single,Female,2/5/1996,12/30/2012,,13579,Mediclaim,Related to Life or Personal Claim,13579_1128,HSB_Lifeclaim_13579,5000,Quarterly,12/30/2012,12/27/2035,3/30/2016,9/24/2016,US,Central,Texas,Edinburg,78539,500000,60000
1689,Dr.,Larry,,Church,Corporate,Single,Female,2/5/1995,12/31/2011,,13579,Mediclaim,Related to Life or Personal Claim,13579_1689,HSB_Lifeclaim_13579,5000,Quarterly,12/31/2011,12/27/2034,3/31/2015,9/25/2015,US,Central,Indiana,Highland,46322,500000,60000
2616,Doctor.,Laurence,,Hull,Corporate,Single,Female,2/5/1990,12/31/2006,,13579,Mediclaim,Related to Life or Personal Claim,13579_2616,HSB_Lifeclaim_13579,5000,Quarterly,12/31/2006,12/27/2029,3/31/2010,9/25/2010,United States Of America,Central,Michigan,Portage,49002,500000,60000
2202,Dr.,Laurie,,Howe,Home Office,Single,Female,2/5/1998,12/31/2014,,13579,Mediclaim,Related to Life or Personal Claim,13579_2202,HSB_Lifeclaim_13579,5000,Quarterly,12/31/2014,12/27/2037,3/31/2018,9/25/2018,U.S.A,Central,Minnesota,Brooklyn Center,55429,500000,60000
2107,Doctor.,Leigh,Burnette,Hurley,Corporate,Single,Female,2/5/1996,12/30/2012,,13579,Mediclaim,Related to Life or Personal Claim,13579_2107,HSB_Lifeclaim_13579,5000,Quarterly,12/30/2012,12/27/2035,3/30/2016,9/24/2016,United States Of America,Central,Illinois,Chicago,60601,500000,60000
2653,Dr.,Leo,,Kane,Consumer,Single,Female,12/7/1986,12/31/2003,,98765,Auto,Related to 4 wheelers or 3 wheelers or 2 wheelers Claims,98765_2653,HSB_Auto_98765,2000,Monthly,12/31/2003,12/27/2026,1/31/2007,2/28/2007,United States Of America,Central,Kansas,Derby,67037,200000,72000
198,Mrs,Leroy,,Blanchard,Small Business,Single,Female,2/5/1990,12/31/2006,,13579,Mediclaim,Related to Life or Personal Claim,13579_198,HSB_Lifeclaim_13579,5000,Quarterly,12/31/2006,12/27/2029,3/31/2010,9/25/2010,USA,Central,Michigan,Detroit,48138,500000,60000
2837,Doctor.,Leslie,,Hawley,Home Office,Single,Female,2/5/1993,1/1/2013,,12468,Mortgages,"Related to Ornaments, Property Claim",02468_2837,HSB_Jewel_02468,60000,Half Yearly,1/1/2013,12/27/2032,7/1/2013,1/1/2014,US,Central,Oklahoma,Tulsa,74133,400000,60000
2030,Dr.,Lindsay,,O'Connell,Corporate,Single,Female,2/5/1990,12/31/2006,,13579,Mediclaim,Related to Life or Personal Claim,13579_2030,HSB_Lifeclaim_13579,5000,Quarterly,12/31/2006,12/27/2029,3/31/2010,9/25/2010,U.S.A,Central,Texas,Greenville,75401,500000,60000
2432,Dr.,Lindsay,,Tate,Consumer,Single,Female,2/5/1994,12/31/2010,,13579,Mediclaim,Related to Life or Personal Claim,13579_2432,HSB_Lifeclaim_13579,5000,Quarterly,12/31/2010,12/27/2033,3/31/2014,9/25/2014,US,Central,Oklahoma,Midwest City,73110,500000,60000
2992,Professor,Lindsay,,Webb,Home Office,Single,Female,2/5/1995,12/31/2011,,13579,Mediclaim,Related to Life or Personal Claim,13579_2992,HSB_Lifeclaim_13579,5000,Quarterly,12/31/2011,12/27/2034,3/31/2015,9/25/2015,U.S.A,Central,Wisconsin,Sheboygan,53081,500000,60000
2380,Professor,Lisa,,Branch,Small Business,Single,Female,2/5/1997,12/31/2013,,13579,Mediclaim,Related to Life or Personal Claim,13579_2380,HSB_Lifeclaim_13579,5000,Quarterly,12/31/2013,12/27/2036,3/31/2017,9/25/2017,USA,Central,Michigan,Grand Rapids,49505,500000,60000
190,Mister.,Lloyd,,Norris,Corporate,Single,Female,2/5/1997,12/31/2013,,13579,Mediclaim,Related to Life or Personal Claim,13579_190,HSB_Lifeclaim_13579,5000,Quarterly,12/31/2013,12/27/2036,3/31/2017,9/25/2017,US,Central,Illinois,Arlington Heights,60004,500000,60000
190,Mister.,Lloyd,,Norris,Corporate,Single,Female,2/5/1997,12/31/2013,,13579,Mediclaim,Related to Life or Personal Claim,13579_190,HSB_Lifeclaim_13579,5000,Quarterly,12/31/2013,12/27/2036,3/31/2017,9/25/2017,US,Central,Illinois,Arlington Heights,60004,500000,60000
1005,Dr.,Lloyd,,Dickson,Small Business,Single,Female,2/5/1989,12/31/2005,,13579,Mediclaim,Related to Life or Personal Claim,13579_1005,HSB_Lifeclaim_13579,5000,Quarterly,12/31/2005,12/27/2028,3/31/2009,9/25/2009,U.S.A,Central,Illinois,Buffalo Grove,60089,500000,60000
2979,Prof.,Lloyd,,Dolan,Corporate,Single,Female,2/5/1993,12/31/2009,,13579,Mediclaim,Related to Life or Personal Claim,13579_2979,HSB_Lifeclaim_13579,5000,Quarterly,12/31/2009,12/27/2032,3/31/2013,9/25/2013,United States Of America,Central,North Dakota,Dickinson,58601,500000,60000
1986,Professor,Lynda,,Rosenthal,Home Office,Single,Female,2/5/1990,1/1/2010,,12468,Mortgages,"Related to Ornaments, Property Claim",02468_1986,HSB_Jewel_02468,60000,Half Yearly,1/1/2010,12/27/2029,7/1/2010,1/1/2011,United States Of America,Central,Texas,Midland,79701,400000,60000
2713,Prof.,Lynda,,Banks,Corporate,Single,Female,12/7/1986,12/31/2003,,98765,Auto,Related to 4 wheelers or 3 wheelers or 2 wheelers Claims,98765_2713,HSB_Auto_98765,2000,Monthly,12/31/2003,12/27/2026,1/31/2007,2/28/2007,U.S,Central,Michigan,Kalamazoo,49001,200000,72000
1686,Doctor.,Lynn,,O'Donnell,Corporate,Single,Female,12/7/1996,12/31/2013,,98765,Auto,Related to 4 wheelers or 3 wheelers or 2 wheelers Claims,98765_1686,HSB_Auto_98765,2000,Monthly,12/31/2013,12/27/2036,1/31/2017,2/28/2017,United States Of America,Central,Illinois,Elgin,60123,200000,72000
885,Doctor.,Malcolm,,Robertson,Corporate,Single,Female,12/7/1990,12/31/2007,,98765,Auto,Related to 4 wheelers or 3 wheelers or 2 wheelers Claims,98765_885,HSB_Auto_98765,2000,Monthly,12/31/2007,12/27/2030,1/31/2011,2/28/2011,USA,Central,Texas,Amarillo,79109,200000,72000
1138,Prof.,Malcolm,,Floyd,Home Office,Single,Female,12/7/1988,12/31/2005,,98765,Auto,Related to 4 wheelers or 3 wheelers or 2 wheelers Claims,98765_1138,HSB_Auto_98765,2000,Monthly,12/31/2005,12/27/2028,1/31/2009,2/28/2009,US,Central,Texas,The Colony,75056,200000,72000
2072,Professor,Malcolm,S,Lanier,Corporate,Single,Female,2/5/1995,12/31/2011,,13579,Mediclaim,Related to Life or Personal Claim,13579_2072,HSB_Lifeclaim_13579,5000,Quarterly,12/31/2011,12/27/2034,3/31/2015,9/25/2015,U.S.A,Central,Michigan,Flint,48505,500000,60000
1357,Dr.,Marguerite,,Yu,Home Office,Single,Female,2/5/1994,1/1/2014,,12468,Mortgages,"Related to Ornaments, Property Claim",02468_1357,HSB_Jewel_02468,60000,Half Yearly,1/1/2014,12/27/2033,7/1/2014,1/1/2015,USA,Central,Texas,Weslaco,78596,400000,60000
2874,Dr.,Marian,,Willis,Home Office,Single,Female,2/5/1994,1/1/2014,,12468,Mortgages,"Related to Ornaments, Property Claim",02468_2874,HSB_Jewel_02468,60000,Half Yearly,1/1/2014,12/27/2033,7/1/2014,1/1/2015,US,Central,Nebraska,La Vista,68128,400000,60000
2061,Prof.,Marianne,,Carey,Corporate,Single,Female,12/7/1986,12/31/2003,,98765,Auto,Related to 4 wheelers or 3 wheelers or 2 wheelers Claims,98765_2061,HSB_Auto_98765,2000,Monthly,12/31/2003,12/27/2026,1/31/2007,2/28/2007,United States Of America,Central,Nebraska,North Platte,69101,200000,72000
3179,Prof.,Marie,,Pittman,Corporate,Single,Female,2/5/1995,12/31/2011,,13579,Mediclaim,Related to Life or Personal Claim,13579_3179,HSB_Lifeclaim_13579,5000,Quarterly,12/31/2011,12/27/2034,3/31/2015,9/25/2015,USA,Central,Minnesota,Owatonna,55060,500000,60000
916,Doctor.,Marion,,Wilcox,Corporate,Single,Female,2/5/1989,12/31/2005,,13579,Mediclaim,Related to Life or Personal Claim,13579_916,HSB_Lifeclaim_13579,5000,Quarterly,12/31/2005,12/27/2028,3/31/2009,9/25/2009,U.S.A,Central,Texas,Burleson,76028,500000,60000
1133,Dr.,Marjorie,,Owens,Home Office,Single,Female,2/5/1992,12/30/2008,,13579,Mediclaim,Related to Life or Personal Claim,13579_1133,HSB_Lifeclaim_13579,5000,Quarterly,12/30/2008,12/27/2031,3/30/2012,9/24/2012,USA,Central,Texas,Farmers Branch,75234,500000,60000
518,Mister.,Mark,,Ritchie,Home Office,Single,Female,12/7/1992,12/31/2009,,98765,Auto,Related to 4 wheelers or 3 wheelers or 2 wheelers Claims,98765_518,HSB_Auto_98765,2000,Monthly,12/31/2009,12/27/2032,1/31/2013,2/28/2013,United States Of America,Central,Missouri,Clayton,63105,200000,72000
1775,Doctor.,Marlene,,Kirk,Consumer,Single,Female,2/5/1998,12/31/2014,,13579,Mediclaim,Related to Life or Personal Claim,13579_1775,HSB_Lifeclaim_13579,5000,Quarterly,12/31/2014,12/27/2037,3/31/2018,9/25/2018,U.S.A,Central,Indiana,South Bend,46614,500000,60000
2274,Dr.,Marlene,,Harrison,Corporate,Single,Female,12/7/1996,12/31/2013,,98765,Auto,Related to 4 wheelers or 3 wheelers or 2 wheelers Claims,98765_2274,HSB_Auto_98765,2000,Monthly,12/31/2013,12/27/2036,1/31/2017,2/28/2017,US,Central,Texas,Houston,77036,200000,72000
825,Doctor.,Marvin,,Hunt,Home Office,Single,Female,2/5/1988,12/30/2004,,13579,Mediclaim,Related to Life or Personal Claim,13579_825,HSB_Lifeclaim_13579,5000,Quarterly,12/30/2004,12/27/2027,3/30/2008,9/24/2008,United States Of America,Central,Texas,Abilene,79605,500000,60000
2190,Prof.,Marvin,,Patrick,Home Office,Single,Female,2/5/1992,12/30/2011,,12468,Mortgages,"Related to Ornaments, Property Claim",02468_2190,HSB_Jewel_02468,60000,Half Yearly,12/30/2011,12/27/2031,6/30/2012,12/31/2012,US,Central,Michigan,Detroit,48227,400000,60000
2372,Doctor.,Marvin,,Parrott,Corporate,Single,Female,2/5/1990,12/31/2006,,13579,Mediclaim,Related to Life or Personal Claim,13579_2372,HSB_Lifeclaim_13579,5000,Quarterly,12/31/2006,12/27/2029,3/31/2010,9/25/2010,U.S,Central,Minnesota,Duluth,55803,500000,60000
3399,Doctor.,Marvin,,Reid,Small Business,Single,Female,2/5/1993,12/31/2009,,13579,Mediclaim,Related to Life or Personal Claim,13579_3399,HSB_Lifeclaim_13579,5000,Quarterly,12/31/2009,12/27/2032,3/31/2013,9/25/2013,U.S,Central,Illinois,Des Plaines,60016,500000,60000
2131,Doctor.,Mary,,Hewitt,Home Office,Single,Female,12/7/1995,12/31/2012,,98765,Auto,Related to 4 wheelers or 3 wheelers or 2 wheelers Claims,98765_2131,HSB_Auto_98765,2000,Monthly,12/31/2012,12/27/2035,1/31/2016,2/28/2016,USA,Central,Missouri,Gladstone,64118,200000,72000
1894,Doctor.,Maureen,Herbert,Hood,Consumer,Single,Female,2/5/1993,12/31/2009,,13579,Mediclaim,Related to Life or Personal Claim,13579_1894,HSB_Lifeclaim_13579,5000,Quarterly,12/31/2009,12/27/2032,3/31/2013,9/25/2013,United States Of America,Central,Wisconsin,Appleton,54915,500000,60000
3146,Professor,Maureen,,Stout,Corporate,Single,Female,2/5/1995,12/31/2011,,13579,Mediclaim,Related to Life or Personal Claim,13579_3146,HSB_Lifeclaim_13579,5000,Quarterly,12/31/2011,12/27/2034,3/31/2015,9/25/2015,U.S.A,Central,Texas,Pharr,78577,500000,60000
97,Mrs.,Max,,McKenna,Home Office,Single,Female,2/5/1990,1/1/2010,,12468,Mortgages,"Related to Ornaments, Property Claim",02468_97,HSB_Jewel_02468,60000,Half Yearly,1/1/2010,12/27/2029,7/1/2010,1/1/2011,U.S,Central,Kansas,Manhattan,66502,400000,60000
97,Mrs.,Max,,McKenna,Home Office,Single,Female,2/5/1990,1/1/2010,,12468,Mortgages,"Related to Ornaments, Property Claim",02468_97,HSB_Jewel_02468,60000,Half Yearly,1/1/2010,12/27/2029,7/1/2010,1/1/2011,U.S,Central,Kansas,Manhattan,66502,400000,60000
202,Mr.,Max,,Small,Corporate,Single,Female,2/5/1992,12/30/2011,,12468,Mortgages,"Related to Ornaments, Property Claim",02468_202,HSB_Jewel_02468,60000,Half Yearly,12/30/2011,12/27/2031,6/30/2012,12/31/2012,United States Of America,Central,Oklahoma,Bartlesville,74006,400000,60000
1106,Dr.,Maxine,Collier,Grady,Consumer,Single,Female,12/7/1994,12/31/2011,,98765,Auto,Related to 4 wheelers or 3 wheelers or 2 wheelers Claims,98765_1106,HSB_Auto_98765,2000,Monthly,12/31/2011,12/27/2034,1/31/2015,2/28/2015,US,Central,Texas,Dallas,75220,200000,72000
2333,Dr.,Megan,,Woods,Small Business,Single,Female,12/7/1995,12/31/2012,,98765,Auto,Related to 4 wheelers or 3 wheelers or 2 wheelers Claims,98765_2333,HSB_Auto_98765,2000,Monthly,12/31/2012,12/27/2035,1/31/2016,2/28/2016,USA,Central,Wisconsin,Green Bay,54302,200000,72000
1893,Prof.,Melanie,,Burgess,Consumer,Single,Female,12/7/1997,12/31/2014,,98765,Auto,Related to 4 wheelers or 3 wheelers or 2 wheelers Claims,98765_1893,HSB_Auto_98765,2000,Monthly,12/31/2014,12/27/2037,1/31/2018,2/28/2018,USA,Central,Missouri,Webster Groves,63119,200000,72000
2448,Doctor.,Melanie,,Morrow,Consumer,Single,Female,2/5/1987,12/31/2003,,13579,Mediclaim,Related to Life or Personal Claim,13579_2448,HSB_Lifeclaim_13579,5000,Quarterly,12/31/2003,12/27/2026,3/31/2007,9/25/2007,USA,Central,Minnesota,Edina,55410,500000,60000
2151,Prof.,Melinda,,Rogers,Corporate,Single,Female,2/5/1989,12/31/2005,,13579,Mediclaim,Related to Life or Personal Claim,13579_2151,HSB_Lifeclaim_13579,5000,Quarterly,12/31/2005,12/27/2028,3/31/2009,9/25/2009,U.S,Central,Iowa,Dubuque,52001,500000,60000
721,Prof.,Melvin,,Duke,Corporate,Single,Female,2/5/1996,12/30/2012,,13579,Mediclaim,Related to Life or Personal Claim,13579_721,HSB_Lifeclaim_13579,5000,Quarterly,12/30/2012,12/27/2035,3/30/2016,9/24/2016,United States Of America,Central,Indiana,Frankfort,46041,500000,60000
1132,Doctor.,Michael,,Robbins,Corporate,Single,Female,2/5/1991,1/1/2011,,12468,Mortgages,"Related to Ornaments, Property Claim",02468_1132,HSB_Jewel_02468,60000,Half Yearly,1/1/2011,12/27/2030,7/1/2011,1/1/2012,U.S.A,Central,Texas,Euless,76039,400000,60000
1482,Doctor.,Michael,,Tanner,Corporate,Single,Female,12/7/1993,12/31/2010,,98765,Auto,Related to 4 wheelers or 3 wheelers or 2 wheelers Claims,98765_1482,HSB_Auto_98765,2000,Monthly,12/31/2010,12/27/2033,1/31/2014,2/28/2014,USA,Central,Michigan,Bay City,48708,200000,72000
233,Mr.,Michele,,Bullard,Small Business,Single,Female,2/5/1998,12/31/2014,,13579,Mediclaim,Related to Life or Personal Claim,13579_233,HSB_Lifeclaim_13579,5000,Quarterly,12/31/2014,12/27/2037,3/31/2018,9/25/2018,US,Central,Illinois,Orland Park,60462,500000,60000
2379,Dr.,Mildred,,Briggs,Small Business,Single,Female,2/5/1997,12/31/2013,,13579,Mediclaim,Related to Life or Personal Claim,13579_2379,HSB_Lifeclaim_13579,5000,Quarterly,12/31/2013,12/27/2036,3/31/2017,9/25/2017,U.S.A,Central,Michigan,Garden City,48135,500000,60000
1777,Professor,Miriam,,Greenberg,Corporate,Single,Female,12/7/1994,12/31/2011,,98765,Auto,Related to 4 wheelers or 3 wheelers or 2 wheelers Claims,98765_1777,HSB_Auto_98765,2000,Monthly,12/31/2011,12/27/2034,1/31/2015,2/28/2015,United States Of America,Central,Indiana,Valparaiso,46383,200000,72000
2281,Professor,Monica,,Harvey,Home Office,Single,Female,2/5/1997,7/1/2016,,12468,Mortgages,"Related to Ornaments, Property Claim",02468_2281,HSB_Jewel_02468,60000,Half Yearly,7/1/2016,12/27/2036,7/1/2017,1/1/2018,U.S,Central,Wisconsin,Eau Claire,54703,400000,120000
3230,Doctor.,Monica,,Stuart,Small Business,Single,Female,2/5/1992,12/30/2008,,13579,Mediclaim,Related to Life or Personal Claim,13579_3230,HSB_Lifeclaim_13579,5000,Quarterly,12/30/2008,12/27/2031,3/30/2012,9/24/2012,USA,Central,Wisconsin,Waukesha,53186,500000,60000
2283,Doctor.,Nancy,,Holden,Home Office,Single,Female,2/5/1993,12/31/2009,,13579,Mediclaim,Related to Life or Personal Claim,13579_2283,HSB_Lifeclaim_13579,5000,Quarterly,12/31/2009,12/27/2032,3/31/2013,9/25/2013,USA,Central,Wisconsin,Franklin,53132,500000,60000
2987,Doctor.,Natalie,,Watts,Home Office,Single,Female,2/5/1996,12/30/2012,,13579,Mediclaim,Related to Life or Personal Claim,13579_2987,HSB_Lifeclaim_13579,5000,Quarterly,12/30/2012,12/27/2035,3/30/2016,9/24/2016,US,Central,Iowa,West Des Moines,50265,500000,60000
3124,Doctor.,Neil,,Barbee,Home Office,Single,Female,2/5/1998,12/31/2014,,13579,Mediclaim,Related to Life or Personal Claim,13579_3124,HSB_Lifeclaim_13579,5000,Quarterly,12/31/2014,12/27/2037,3/31/2018,9/25/2018,U.S,Central,Illinois,Moline,61265,500000,60000
3143,Dr.,Neil,,Song,Consumer,Single,Female,2/5/1990,12/31/2006,,13579,Mediclaim,Related to Life or Personal Claim,13579_3143,HSB_Lifeclaim_13579,5000,Quarterly,12/31/2006,12/27/2029,3/31/2010,9/25/2010,U.S,Central,Texas,Pflugerville,78660,500000,60000
2423,Dr.,Nicholas,,Wallace,Home Office,Single,Female,2/5/1986,1/1/2006,,12468,Mortgages,"Related to Ornaments, Property Claim",02468_2423,HSB_Jewel_02468,60000,Half Yearly,1/1/2006,12/27/2025,7/1/2006,1/1/2007,U.S,Central,Texas,Hurst,76053,400000,60000
1533,Professor,Nicole,,Reid,Corporate,Single,Female,2/5/1991,12/31/2007,,13579,Mediclaim,Related to Life or Personal Claim,13579_1533,HSB_Lifeclaim_13579,5000,Quarterly,12/31/2007,12/27/2030,3/31/2011,9/25/2011,United States Of America,Central,Missouri,University City,63130,500000,60000
1648,Dr.,Nina,,Bowles,Corporate,Single,Female,2/5/1993,12/31/2009,,13579,Mediclaim,Related to Life or Personal Claim,13579_1648,HSB_Lifeclaim_13579,5000,Quarterly,12/31/2009,12/27/2032,3/31/2013,9/25/2013,U.S,Central,Illinois,Woodstock,60098,500000,60000
2204,Prof.,Oscar,,Ford,Consumer,Single,Female,12/7/1989,12/31/2006,,98765,Auto,Related to 4 wheelers or 3 wheelers or 2 wheelers Claims,98765_2204,HSB_Auto_98765,2000,Monthly,12/31/2006,12/27/2029,1/31/2010,2/28/2010,United States Of America,Central,Minnesota,Burnsville,55337,200000,72000
3361,Professor,Oscar,,Kenney,Home Office,Single,Female,2/5/1993,12/31/2009,,13579,Mediclaim,Related to Life or Personal Claim,13579_3361,HSB_Lifeclaim_13579,5000,Quarterly,12/31/2009,12/27/2032,3/31/2013,9/25/2013,United States Of America,Central,Wisconsin,West Bend,53095,500000,60000
1743,Prof.,Paige,,Jacobs,Consumer,Single,Female,2/5/1994,1/1/2014,,12468,Mortgages,"Related to Ornaments, Property Claim",02468_1743,HSB_Jewel_02468,60000,Half Yearly,1/1/2014,12/27/2033,7/1/2014,1/1/2015,U.S.A,Central,Texas,Friendswood,77546,400000,60000
62,Mrs.,Pam,,Gilbert,Corporate,Single,Female,2/5/1991,12/31/2007,,13579,Mediclaim,Related to Life or Personal Claim,13579_62,HSB_Lifeclaim_13579,5000,Quarterly,12/31/2007,12/27/2030,3/31/2011,9/25/2011,United States Of America,Central,Texas,Round Rock,78664,500000,60000
62,Mrs.,Pam,,Gilbert,Corporate,Single,Female,2/5/1991,12/31/2007,,13579,Mediclaim,Related to Life or Personal Claim,13579_62,HSB_Lifeclaim_13579,5000,Quarterly,12/31/2007,12/27/2030,3/31/2011,9/25/2011,United States Of America,Central,Texas,Round Rock,78664,500000,60000
1069,Dr.,Pam,,Bennett,Home Office,Single,Female,2/5/1989,12/31/2005,,13579,Mediclaim,Related to Life or Personal Claim,13579_1069,HSB_Lifeclaim_13579,5000,Quarterly,12/31/2005,12/27/2028,3/31/2009,9/25/2009,U.S,Central,Illinois,Carbondale,62901,500000,60000
2305,Prof.,Pat,,Kinney,Small Business,Single,Female,2/5/1989,12/31/2005,,13579,Mediclaim,Related to Life or Personal Claim,13579_2305,HSB_Lifeclaim_13579,5000,Quarterly,12/31/2005,12/27/2028,3/31/2009,9/25/2009,U.S,Central,South Dakota,Watertown,57201,500000,60000
288,Mrs,Patricia,Cole,Blair,Small Business,Single,Female,2/5/1991,1/1/2011,,12468,Mortgages,"Related to Ornaments, Property Claim",02468_288,HSB_Jewel_02468,60000,Half Yearly,1/1/2011,12/27/2030,7/1/2011,1/1/2012,US,Central,Kansas,Wichita,67212,400000,60000
1229,Doctor.,Patrick,,Byrne,Small Business,Single,Female,2/5/1995,1/1/2015,,12468,Mortgages,"Related to Ornaments, Property Claim",02468_1229,HSB_Jewel_02468,60000,Half Yearly,1/1/2015,12/27/2034,7/1/2015,1/1/2016,US,Central,Texas,Sulphur Springs,75482,400000,60000
1623,Prof.,Patrick,,Adcock,Small Business,Single,Female,2/5/1994,12/31/2010,,13579,Mediclaim,Related to Life or Personal Claim,13579_1623,HSB_Lifeclaim_13579,5000,Quarterly,12/31/2010,12/27/2033,3/31/2014,9/25/2014,United States Of America,Central,Indiana,Schererville,46375,500000,60000
1368,Doctor.,Patsy,,Harmon,Consumer,Single,Female,2/5/1986,12/31/2002,,13579,Mediclaim,Related to Life or Personal Claim,13579_1368,HSB_Lifeclaim_13579,5000,Quarterly,12/31/2002,12/27/2025,3/31/2006,9/25/2006,U.S,Central,Texas,Lufkin,75901,500000,60000
1281,Dr.,Pauline,,Denton,Small Business,Single,Female,2/5/1996,12/30/2015,,12468,Mortgages,"Related to Ornaments, Property Claim",02468_1281,HSB_Jewel_02468,60000,Half Yearly,12/30/2015,12/27/2035,6/30/2016,12/31/2016,United States Of America,Central,Indiana,Vincennes,47591,400000,60000
551,Professor,Peggy,,Chan,Corporate,Single,Female,2/5/1986,12/31/2002,,13579,Mediclaim,Related to Life or Personal Claim,13579_551,HSB_Lifeclaim_13579,5000,Quarterly,12/31/2002,12/27/2025,3/31/2006,9/25/2006,USA,Central,Texas,Sherman,75090,500000,60000
3008,Professor,Penny,,Rich,Home Office,Single,Female,2/5/1993,12/31/2009,,13579,Mediclaim,Related to Life or Personal Claim,13579_3008,HSB_Lifeclaim_13579,5000,Quarterly,12/31/2009,12/27/2032,3/31/2013,9/25/2013,U.S,Central,Minnesota,Minnetonka Mills,55343,500000,60000
2132,Dr.,Philip,,Hawkins,Home Office,Single,Female,2/5/1988,12/30/2007,,12468,Mortgages,"Related to Ornaments, Property Claim",02468_2132,HSB_Jewel_02468,60000,Half Yearly,12/30/2007,12/27/2027,6/30/2008,12/31/2008,United States Of America,Central,Missouri,Hazelwood,63042,400000,60000
3000,Doctor.,Priscilla,,Allen,Consumer,Single,Female,2/5/1995,12/31/2011,,13579,Mediclaim,Related to Life or Personal Claim,13579_3000,HSB_Lifeclaim_13579,5000,Quarterly,12/31/2011,12/27/2034,3/31/2015,9/25/2015,United States Of America,Central,Michigan,Pontiac,48342,500000,60000
1765,Professor,Ralph,Woods,Scott,Consumer,Single,Female,2/5/1990,12/31/2006,,13579,Mediclaim,Related to Life or Personal Claim,13579_1765,HSB_Lifeclaim_13579,5000,Quarterly,12/31/2006,12/27/2029,3/31/2010,9/25/2010,US,Central,Missouri,Creve Coeur,63141,500000,60000
1127,Dr.,Ray,,Grady,Consumer,Single,Female,2/5/1996,12/30/2012,,13579,Mediclaim,Related to Life or Personal Claim,13579_1127,HSB_Lifeclaim_13579,5000,Quarterly,12/30/2012,12/27/2035,3/30/2016,9/24/2016,United States Of America,Central,Texas,Eagle Pass,78852,500000,60000
1778,Prof.,Ray,,Oakley,Consumer,Single,Female,2/5/1998,12/31/2014,,13579,Mediclaim,Related to Life or Personal Claim,13579_1778,HSB_Lifeclaim_13579,5000,Quarterly,12/31/2014,12/27/2037,3/31/2018,9/25/2018,US,Central,Indiana,West Lafayette,47906,500000,60000
1418,Dr.,Rebecca,,Lindsey,Small Business,Single,Female,2/5/1989,12/31/2005,,13579,Mediclaim,Related to Life or Personal Claim,13579_1418,HSB_Lifeclaim_13579,5000,Quarterly,12/31/2005,12/27/2028,3/31/2009,9/25/2009,U.S,Central,Indiana,Kokomo,46901,500000,60000
1692,Professor,Rhonda,,Schroeder,Consumer,Single,Female,2/5/1989,12/31/2005,,13579,Mediclaim,Related to Life or Personal Claim,13579_1692,HSB_Lifeclaim_13579,5000,Quarterly,12/31/2005,12/27/2028,3/31/2009,9/25/2009,U.S,Central,Kansas,Newton,67114,500000,60000
2472,Dr.,Ricky,,Sanders,Home Office,Single,Female,2/5/1998,12/31/2014,,13579,Mediclaim,Related to Life or Personal Claim,13579_2472,HSB_Lifeclaim_13579,5000,Quarterly,12/31/2014,12/27/2037,3/31/2018,9/25/2018,USA,Central,Illinois,Joliet,60432,500000,60000
1974,Doctor.,Robert,,Brantley,Consumer,Single,Female,2/5/1990,12/31/2006,,13579,Mediclaim,Related to Life or Personal Claim,13579_1974,HSB_Lifeclaim_13579,5000,Quarterly,12/31/2006,12/27/2029,3/31/2010,9/25/2010,U.S.A,Central,Michigan,Dearborn Heights,48127,500000,60000
2865,Doctor.,Roberta,,Mitchell,Corporate,Single,Female,2/5/1997,12/31/2013,,13579,Mediclaim,Related to Life or Personal Claim,13579_2865,HSB_Lifeclaim_13579,5000,Quarterly,12/31/2013,12/27/2036,3/31/2017,9/25/2017,United States Of America,Central,Texas,Paris,75460,500000,60000
646,Prof.,Robin,,High,Corporate,Single,Female,12/7/1985,12/31/2002,,98765,Auto,Related to 4 wheelers or 3 wheelers or 2 wheelers Claims,98765_646,HSB_Auto_98765,2000,Monthly,12/31/2002,12/27/2025,1/31/2006,2/28/2006,U.S.A,Central,Minnesota,Shakopee,55379,200000,72000
1442,Professor,Rodney,,Field,Corporate,Single,Female,12/7/1990,12/31/2007,,98765,Auto,Related to 4 wheelers or 3 wheelers or 2 wheelers Claims,98765_1442,HSB_Auto_98765,2000,Monthly,12/31/2007,12/27/2030,1/31/2011,2/28/2011,U.S,Central,Missouri,Springfield,65807,200000,72000
388,Mr.,Roger,,Schwartz,Corporate,Single,Female,2/5/1996,12/30/2015,,12468,Mortgages,"Related to Ornaments, Property Claim",02468_388,HSB_Jewel_02468,60000,Half Yearly,12/30/2015,12/27/2035,6/30/2016,12/31/2016,U.S,Central,Nebraska,Kearney,68847,400000,60000
649,Dr.,Roger,,Meyer,Home Office,Single,Female,2/5/1994,12/31/2010,,13579,Mediclaim,Related to Life or Personal Claim,13579_649,HSB_Lifeclaim_13579,5000,Quarterly,12/31/2010,12/27/2033,3/31/2014,9/25/2014,United States Of America,Central,Illinois,Buffalo Grove,60089,500000,60000
1593,Dr.,Ronald,,O'Neill,Corporate,Single,Female,2/5/1987,12/31/2003,,13579,Mediclaim,Related to Life or Personal Claim,13579_1593,HSB_Lifeclaim_13579,5000,Quarterly,12/31/2003,12/27/2026,3/31/2007,9/25/2007,U.S.A,Central,Oklahoma,Bartlesville,74006,500000,60000
266,Mrs,Ross,,Frederick,Corporate,Single,Female,2/5/1993,12/31/2009,,13579,Mediclaim,Related to Life or Personal Claim,13579_266,HSB_Lifeclaim_13579,5000,Quarterly,12/31/2009,12/27/2032,3/31/2013,9/25/2013,USA,Central,Texas,San Antonio,78207,500000,60000
314,Mrs,Ruby,,Gibbons,Corporate,Single,Female,2/5/1991,12/31/2007,,13579,Mediclaim,Related to Life or Personal Claim,13579_314,HSB_Lifeclaim_13579,5000,Quarterly,12/31/2007,12/27/2030,3/31/2011,9/25/2011,U.S,Central,Illinois,Forest Park,60130,500000,60000
1142,Doctor.,Russell,,Chan,Home Office,Single,Female,2/5/1993,12/31/2009,,13579,Mediclaim,Related to Life or Personal Claim,13579_1142,HSB_Lifeclaim_13579,5000,Quarterly,12/31/2009,12/27/2032,3/31/2013,9/25/2013,U.S,Central,Texas,Waco,76706,500000,60000
540,Miss.,Ruth,,Lamm,Small Business,Single,Female,2/5/1997,7/1/2016,,12468,Mortgages,"Related to Ornaments, Property Claim",02468_540,HSB_Jewel_02468,60000,Half Yearly,7/1/2016,12/27/2036,7/1/2017,1/1/2018,U.S,Central,Illinois,Vernon Hills,60061,400000,120000
2289,Dr.,Ryan,,Herman,Home Office,Single,Female,12/7/1986,12/31/2003,,98765,Auto,Related to 4 wheelers or 3 wheelers or 2 wheelers Claims,98765_2289,HSB_Auto_98765,2000,Monthly,12/31/2003,12/27/2026,1/31/2007,2/28/2007,United States Of America,Central,Minnesota,Burnsville,55337,200000,72000
959,Prof.,Sally,,House,Corporate,Single,Female,2/5/1989,1/1/2009,,12468,Mortgages,"Related to Ornaments, Property Claim",02468_959,HSB_Jewel_02468,60000,Half Yearly,1/1/2009,12/27/2028,7/1/2009,1/1/2010,US,Central,Texas,Burleson,76028,400000,60000
2973,Dr.,Sally,,Liu,Home Office,Single,Female,2/5/1992,12/30/2011,,12468,Mortgages,"Related to Ornaments, Property Claim",02468_2973,HSB_Jewel_02468,60000,Half Yearly,12/30/2011,12/27/2031,6/30/2012,12/31/2012,U.S.A,Central,Wisconsin,New Berlin,53151,400000,60000
1644,Doctor.,Sam,,Woodward,Small Business,Single,Female,12/7/1994,12/31/2011,,98765,Auto,Related to 4 wheelers or 3 wheelers or 2 wheelers Claims,98765_1644,HSB_Auto_98765,2000,Monthly,12/31/2011,12/27/2034,1/31/2015,2/28/2015,US,Central,Texas,Friendswood,77546,200000,72000
197,Miss,Samantha,,Weaver,Small Business,Single,Female,2/5/1997,12/31/2013,,13579,Mediclaim,Related to Life or Personal Claim,13579_197,HSB_Lifeclaim_13579,5000,Quarterly,12/31/2013,12/27/2036,3/31/2017,9/25/2017,U.S.A,Central,Kansas,Overland Park,66212,500000,60000
197,Miss,Samantha,,Weaver,Small Business,Single,Female,2/5/1997,12/31/2013,,13579,Mediclaim,Related to Life or Personal Claim,13579_197,HSB_Lifeclaim_13579,5000,Quarterly,12/31/2013,12/27/2036,3/31/2017,9/25/2017,U.S.A,Central,Kansas,Overland Park,66212,500000,60000
3089,Professor,Sandy,,Cannon,Corporate,Single,Female,2/5/1995,12/31/2011,,13579,Mediclaim,Related to Life or Personal Claim,13579_3089,HSB_Lifeclaim_13579,5000,Quarterly,12/31/2011,12/27/2034,3/31/2015,9/25/2015,United States Of America,Central,Kansas,Leawood,66209,500000,60000
1934,Professor,Scott,,Moore,Home Office,Single,Female,12/7/1990,12/31/2007,,98765,Auto,Related to 4 wheelers or 3 wheelers or 2 wheelers Claims,98765_1934,HSB_Auto_98765,2000,Monthly,12/31/2007,12/27/2030,1/31/2011,2/28/2011,U.S,Central,Texas,Georgetown,78626,200000,72000
1962,Professor,Sean,,Burton,Home Office,Single,Female,2/5/1993,12/31/2009,,13579,Mediclaim,Related to Life or Personal Claim,13579_1962,HSB_Lifeclaim_13579,5000,Quarterly,12/31/2009,12/27/2032,3/31/2013,9/25/2013,US,Central,Michigan,Saginaw,48601,500000,60000
2991,Dr.,Sean,,Herbert,Home Office,Single,Female,2/5/1994,12/31/2010,,13579,Mediclaim,Related to Life or Personal Claim,13579_2991,HSB_Lifeclaim_13579,5000,Quarterly,12/31/2010,12/27/2033,3/31/2014,9/25/2014,U.S,Central,Wisconsin,Racine,53402,500000,60000
683,Professor,Seth,,Merrill,Small Business,Single,Female,12/7/1992,12/31/2009,,98765,Auto,Related to 4 wheelers or 3 wheelers or 2 wheelers Claims,98765_683,HSB_Auto_98765,2000,Monthly,12/31/2009,12/27/2032,1/31/2013,2/28/2013,United States Of America,Central,Nebraska,Papillion,68046,200000,72000
2584,Professor,Seth,,Matthews,Home Office,Single,Female,2/5/1992,12/30/2008,,13579,Mediclaim,Related to Life or Personal Claim,13579_2584,HSB_Lifeclaim_13579,5000,Quarterly,12/30/2008,12/27/2031,3/30/2012,9/24/2012,U.S.A,Central,Michigan,Inkster,48141,500000,60000
868,Prof.,Sharon,,Ellis,Corporate,Single,Female,12/7/1988,12/31/2005,,98765,Auto,Related to 4 wheelers or 3 wheelers or 2 wheelers Claims,98765_868,HSB_Auto_98765,2000,Monthly,12/31/2005,12/27/2028,1/31/2009,2/28/2009,U.S.A,Central,Minnesota,Shoreview,55126,200000,72000
3229,Prof.,Sharon,,Kessler,Small Business,Single,Female,2/5/1990,12/31/2006,,13579,Mediclaim,Related to Life or Personal Claim,13579_3229,HSB_Lifeclaim_13579,5000,Quarterly,12/31/2006,12/27/2029,3/31/2010,9/25/2010,U.S.A,Central,Wisconsin,Superior,54880,500000,60000
2521,Dr.,Shawn,,Meyer,Home Office,Single,Female,2/5/1993,1/1/2013,,12468,Mortgages,"Related to Ornaments, Property Claim",02468_2521,HSB_Jewel_02468,60000,Half Yearly,1/1/2013,12/27/2032,7/1/2013,1/1/2014,U.S.A,Central,Texas,Corsicana,75109,400000,60000
1749,Dr.,Sherri,P,Stephens,Home Office,Single,Female,12/7/1987,12/31/2004,,98765,Auto,Related to 4 wheelers or 3 wheelers or 2 wheelers Claims,98765_1749,HSB_Auto_98765,2000,Monthly,12/31/2004,12/27/2027,1/31/2008,2/28/2008,United States Of America,Central,Oklahoma,Lawton,73505,200000,72000
1976,Dr.,Sherri,F,Vogel,Consumer,Single,Female,2/5/1997,12/31/2013,,13579,Mediclaim,Related to Life or Personal Claim,13579_1976,HSB_Lifeclaim_13579,5000,Quarterly,12/31/2013,12/27/2036,3/31/2017,9/25/2017,USA,Central,Michigan,East Lansing,48823,500000,60000
827,Dr.,Sheryl,,Marsh,Home Office,Single,Female,2/5/1990,12/31/2006,,13579,Mediclaim,Related to Life or Personal Claim,13579_827,HSB_Lifeclaim_13579,5000,Quarterly,12/31/2006,12/27/2029,3/31/2010,9/25/2010,US,Central,Texas,Amarillo,79109,500000,60000
1828,Dr.,Stacey,,Lucas,Corporate,Single,Female,2/5/1994,1/1/2014,,12468,Mortgages,"Related to Ornaments, Property Claim",02468_1828,HSB_Jewel_02468,60000,Half Yearly,1/1/2014,12/27/2033,7/1/2014,1/1/2015,U.S,Central,Iowa,Cedar Falls,50613,400000,60000
1427,Prof.,Stacy,,Gould,Home Office,Single,Female,2/5/1997,7/1/2016,,12468,Mortgages,"Related to Ornaments, Property Claim",02468_1427,HSB_Jewel_02468,60000,Half Yearly,7/1/2016,12/27/2036,7/1/2017,1/1/2018,USA,Central,Michigan,Bay City,48708,400000,120000
2334,Professor,Stephanie,,Hawkins,Home Office,Single,Female,2/5/1990,12/31/2006,,13579,Mediclaim,Related to Life or Personal Claim,13579_2334,HSB_Lifeclaim_13579,5000,Quarterly,12/31/2006,12/27/2029,3/31/2010,9/25/2010,United States Of America,Central,Wisconsin,Greenfield,53220,500000,60000
648,Doctor.,Steve,,O'Brien,Home Office,Single,Female,12/7/1994,12/31/2011,,98765,Auto,Related to 4 wheelers or 3 wheelers or 2 wheelers Claims,98765_648,HSB_Auto_98765,2000,Monthly,12/31/2011,12/27/2034,1/31/2015,2/28/2015,USA,Central,Illinois,Bolingbrook,60440,200000,72000
3261,Dr.,Steven,,Long,Consumer,Single,Female,12/7/1996,12/31/2013,,98765,Auto,Related to 4 wheelers or 3 wheelers or 2 wheelers Claims,98765_3261,HSB_Auto_98765,2000,Monthly,12/31/2013,12/27/2036,1/31/2017,2/28/2017,United States Of America,Central,Michigan,Adrian,49221,200000,72000
1829,Professor,Suzanne,,Cochran,Corporate,Single,Female,2/5/1994,12/31/2010,,13579,Mediclaim,Related to Life or Personal Claim,13579_1829,HSB_Lifeclaim_13579,5000,Quarterly,12/31/2010,12/27/2033,3/31/2014,9/25/2014,U.S.A,Central,Iowa,Cedar Rapids,52402,500000,60000
377,Miss.,Sylvia,,Bush,Consumer,Single,Female,2/5/1995,12/31/2011,,13579,Mediclaim,Related to Life or Personal Claim,13579_377,HSB_Lifeclaim_13579,5000,Quarterly,12/31/2011,12/27/2034,3/31/2015,9/25/2015,United States Of America,Central,Illinois,Batavia,60510,500000,60000
3042,Professor,Tara,,Gold,Small Business,Single,Female,2/5/1995,12/31/2011,,13579,Mediclaim,Related to Life or Personal Claim,13579_3042,HSB_Lifeclaim_13579,5000,Quarterly,12/31/2011,12/27/2034,3/31/2015,9/25/2015,US,Central,Kansas,Hutchinson,67501,500000,60000
1957,Dr.,Ted,,Crowder,Consumer,Single,Female,2/5/1997,7/1/2016,,12468,Mortgages,"Related to Ornaments, Property Claim",02468_1957,HSB_Jewel_02468,60000,Half Yearly,7/1/2016,12/27/2036,7/1/2017,1/1/2018,United States Of America,Central,Missouri,University City,63130,400000,120000
444,Mr,Thelma,,Abrams,Small Business,Single,Female,12/7/1996,12/31/2013,,98765,Auto,Related to 4 wheelers or 3 wheelers or 2 wheelers Claims,98765_444,HSB_Auto_98765,2000,Monthly,12/31/2013,12/27/2036,1/31/2017,2/28/2017,US,Central,Illinois,Urbana,61801,200000,72000
1075,Professor,Theodore,,Tyson,Home Office,Single,Female,12/7/1987,12/31/2004,,98765,Auto,Related to 4 wheelers or 3 wheelers or 2 wheelers Claims,98765_1075,HSB_Auto_98765,2000,Monthly,12/31/2004,12/27/2027,1/31/2008,2/28/2008,U.S.A,Central,Illinois,Romeoville,60441,200000,72000
2775,Professor,Theodore,,Rubin,Consumer,Single,Female,2/5/1987,1/1/2007,,12468,Mortgages,"Related to Ornaments, Property Claim",02468_2775,HSB_Jewel_02468,60000,Half Yearly,1/1/2007,12/27/2026,7/1/2007,1/1/2008,United States Of America,Central,Illinois,Franklin Park,60131,400000,60000
3069,Dr.,Tiffany,,Merrill,Consumer,Single,Female,2/5/1987,12/31/2003,,13579,Mediclaim,Related to Life or Personal Claim,13579_3069,HSB_Lifeclaim_13579,5000,Quarterly,12/31/2003,12/27/2026,3/31/2007,9/25/2007,USA,Central,Minnesota,Oakdale,55128,500000,60000
2833,Prof.,Tim,,Connolly,Small Business,Single,Female,2/5/1989,1/1/2009,,12468,Mortgages,"Related to Ornaments, Property Claim",02468_2833,HSB_Jewel_02468,60000,Half Yearly,1/1/2009,12/27/2028,7/1/2009,1/1/2010,United States Of America,Central,Minnesota,Inver Grove Heights,55076,400000,60000
3035,Prof.,Tina,,Evans,Home Office,Single,Female,2/5/1995,12/31/2011,,13579,Mediclaim,Related to Life or Personal Claim,13579_3035,HSB_Lifeclaim_13579,5000,Quarterly,12/31/2011,12/27/2034,3/31/2015,9/25/2015,U.S.A,Central,Illinois,Lombard,60148,500000,60000
2157,Doctor.,Tom,Hoyle,Honeycutt,Home Office,Single,Female,12/7/1989,12/31/2006,,98765,Auto,Related to 4 wheelers or 3 wheelers or 2 wheelers Claims,98765_2157,HSB_Auto_98765,2000,Monthly,12/31/2006,12/27/2029,1/31/2010,2/28/2010,U.S.A,Central,Michigan,Warren,48093,200000,72000
689,Doctor.,Tommy,,Honeycutt,Small Business,Single,Female,2/5/1994,1/1/2014,,12468,Mortgages,"Related to Ornaments, Property Claim",02468_689,HSB_Jewel_02468,60000,Half Yearly,1/1/2014,12/27/2033,7/1/2014,1/1/2015,U.S,Central,Missouri,Saint Peters,63376,400000,60000
2502,Doctor.,Toni,Owens,Poe,Home Office,Single,Female,2/5/1997,12/31/2013,,13579,Mediclaim,Related to Life or Personal Claim,13579_2502,HSB_Lifeclaim_13579,5000,Quarterly,12/31/2013,12/27/2036,3/31/2017,9/25/2017,U.S,Central,Indiana,Munster,46321,500000,60000
954,Professor,Tony,,Chandler,Small Business,Single,Female,2/5/1990,12/31/2006,,13579,Mediclaim,Related to Life or Personal Claim,13579_954,HSB_Lifeclaim_13579,5000,Quarterly,12/31/2006,12/27/2029,3/31/2010,9/25/2010,United States Of America,Central,Texas,Highland Village,75067,500000,60000
2450,Dr.,Tonya,,Miller,Home Office,Single,Female,2/5/1995,12/31/2011,,13579,Mediclaim,Related to Life or Personal Claim,13579_2450,HSB_Lifeclaim_13579,5000,Quarterly,12/31/2011,12/27/2034,3/31/2015,9/25/2015,United States Of America,Central,Wisconsin,Janesville,53545,500000,60000
2458,Prof.,Troy,,Casey,Home Office,Single,Female,2/5/1992,12/30/2008,,13579,Mediclaim,Related to Life or Personal Claim,13579_2458,HSB_Lifeclaim_13579,5000,Quarterly,12/30/2008,12/27/2031,3/30/2012,9/24/2012,U.S,Central,Minnesota,Edina,55410,500000,60000
447,Mrs.,Valerie,,Moon,Corporate,Single,Female,2/5/1997,7/1/2016,,12468,Mortgages,"Related to Ornaments, Property Claim",02468_447,HSB_Jewel_02468,60000,Half Yearly,7/1/2016,12/27/2036,7/1/2017,1/1/2018,U.S.A,Central,Minnesota,Roseville,55113,400000,120000
573,Prof.,Vanessa,,Winstead,Corporate,Single,Female,2/5/1995,12/31/2011,,13579,Mediclaim,Related to Life or Personal Claim,13579_573,HSB_Lifeclaim_13579,5000,Quarterly,12/31/2011,12/27/2034,3/31/2015,9/25/2015,United States Of America,Central,Illinois,Pekin,61554,500000,60000
1065,Prof.,Vicki,,Bond,Corporate,Single,Female,2/5/1998,12/31/2014,,13579,Mediclaim,Related to Life or Personal Claim,13579_1065,HSB_Lifeclaim_13579,5000,Quarterly,12/31/2014,12/27/2037,3/31/2018,9/25/2018,United States Of America,Central,Illinois,Burbank,60459,500000,60000
1253,Dr.,Vickie,,Coates,Home Office,Single,Female,12/7/1994,12/31/2011,,98765,Auto,Related to 4 wheelers or 3 wheelers or 2 wheelers Claims,98765_1253,HSB_Auto_98765,2000,Monthly,12/31/2011,12/27/2034,1/31/2015,2/28/2015,US,Central,Texas,Cedar Park,78613,200000,72000
2071,Dr.,Victor,,Cherry,Corporate,Single,Female,2/5/1988,12/30/2007,,12468,Mortgages,"Related to Ornaments, Property Claim",02468_2071,HSB_Jewel_02468,60000,Half Yearly,12/30/2007,12/27/2027,6/30/2008,12/31/2008,U.S,Central,Michigan,Farmington Hills,48336,400000,60000
1827,Doctor.,Vincent,,Hale,Corporate,Single,Female,2/5/1995,1/1/2015,,12468,Mortgages,"Related to Ornaments, Property Claim",02468_1827,HSB_Jewel_02468,60000,Half Yearly,1/1/2015,12/27/2034,7/1/2015,1/1/2016,US,Central,Iowa,Burlington,52601,400000,60000
286,Mistress.,Virginia,,Gay,Small Business,Single,Female,12/7/1996,12/31/2013,,98765,Auto,Related to 4 wheelers or 3 wheelers or 2 wheelers Claims,98765_286,HSB_Auto_98765,2000,Monthly,12/31/2013,12/27/2036,1/31/2017,2/28/2017,United States Of America,Central,Kansas,Shawnee,66203,200000,72000
2553,Professor,Virginia,,McNeill,Home Office,Single,Female,2/5/1998,12/31/2014,,13579,Mediclaim,Related to Life or Personal Claim,13579_2553,HSB_Lifeclaim_13579,5000,Quarterly,12/31/2014,12/27/2037,3/31/2018,9/25/2018,USA,Central,Wisconsin,Kenosha,53142,500000,60000
3197,Dr.,Wallace,,Pugh,Home Office,Single,Female,2/5/1988,12/30/2007,,12468,Mortgages,"Related to Ornaments, Property Claim",02468_3197,HSB_Jewel_02468,60000,Half Yearly,12/30/2007,12/27/2027,6/30/2008,12/31/2008,US,Central,Illinois,Northbrook,60062,400000,60000
1485,Professor,Wayne,,Sutherland,Home Office,Single,Female,2/5/1995,12/31/2011,,13579,Mediclaim,Related to Life or Personal Claim,13579_1485,HSB_Lifeclaim_13579,5000,Quarterly,12/31/2011,12/27/2034,3/31/2015,9/25/2015,US,Central,Illinois,Downers Grove,60516,500000,60000
2016,Doctor.,Wayne,,Bean,Corporate,Single,Female,2/5/1991,12/31/2007,,13579,Mediclaim,Related to Life or Personal Claim,13579_2016,HSB_Lifeclaim_13579,5000,Quarterly,12/31/2007,12/27/2030,3/31/2011,9/25/2011,U.S,Central,Michigan,Southgate,48195,500000,60000
2583,Dr.,Wendy,Pridgen,Pearce,Home Office,Single,Female,2/5/1997,12/31/2013,,13579,Mediclaim,Related to Life or Personal Claim,13579_2583,HSB_Lifeclaim_13579,5000,Quarterly,12/31/2013,12/27/2036,3/31/2017,9/25/2017,U.S,Central,Michigan,Holland,49423,500000,60000
1402,Professor,Wesley,,Tate,Home Office,Single,Female,2/5/1992,12/30/2011,,12468,Mortgages,"Related to Ornaments, Property Claim",02468_1402,HSB_Jewel_02468,60000,Half Yearly,12/30/2011,12/27/2031,6/30/2012,12/31/2012,USA,Central,Illinois,Chicago,60653,400000,60000
1466,Prof.,Wesley,,Reid,Small Business,Single,Female,12/7/1989,12/31/2006,,98765,Auto,Related to 4 wheelers or 3 wheelers or 2 wheelers Claims,98765_1466,HSB_Auto_98765,2000,Monthly,12/31/2006,12/27/2029,1/31/2010,2/28/2010,U.S.A,Central,Nebraska,Columbus,68601,200000,72000
1683,Prof.,Wesley,,Corbett,Consumer,Single,Female,2/5/1987,12/31/2003,,13579,Mediclaim,Related to Life or Personal Claim,13579_1683,HSB_Lifeclaim_13579,5000,Quarterly,12/31/2003,12/27/2026,3/31/2007,9/25/2007,USA,Central,Texas,Conroe,77301,500000,60000
2159,Dr.,Wesley,,Field,Corporate,Single,Female,2/5/1988,12/30/2004,,13579,Mediclaim,Related to Life or Personal Claim,13579_2159,HSB_Lifeclaim_13579,5000,Quarterly,12/30/2004,12/27/2027,3/30/2008,9/24/2008,USA,Central,Michigan,Westland,48185,500000,60000
1933,Dr.,William,,Crawford,Corporate,Single,Female,2/5/1995,12/31/2011,,13579,Mediclaim,Related to Life or Personal Claim,13579_1933,HSB_Lifeclaim_13579,5000,Quarterly,12/31/2011,12/27/2034,3/31/2015,9/25/2015,US,Central,Texas,Garland,75043,500000,60000
2954,Professor,William,,Sharma,Consumer,Single,Female,12/7/1996,12/31/2013,,98765,Auto,Related to 4 wheelers or 3 wheelers or 2 wheelers Claims,98765_2954,HSB_Auto_98765,2000,Monthly,12/31/2013,12/27/2036,1/31/2017,2/28/2017,United States Of America,Central,Minnesota,Maplewood,55119,200000,72000
146,Miss,Yvonne,,Fox,Corporate,Single,Female,12/7/1992,12/31/2009,,98765,Auto,Related to 4 wheelers or 3 wheelers or 2 wheelers Claims,98765_146,HSB_Auto_98765,2000,Monthly,12/31/2009,12/27/2032,1/31/2013,2/28/2013,USA,Central,Texas,Watauga,76148,200000,72000
146,Miss,Yvonne,,Fox,Corporate,Single,Female,12/7/1992,12/31/2009,,98765,Auto,Related to 4 wheelers or 3 wheelers or 2 wheelers Claims,98765_146,HSB_Auto_98765,2000,Monthly,12/31/2009,12/27/2032,1/31/2013,2/28/2013,USA,Central,Texas,Watauga,76148,200000,72000
962,Doctor.,Yvonne,,Clarke,Home Office,Single,Female,2/5/1990,12/31/2006,,13579,Mediclaim,Related to Life or Personal Claim,13579_962,HSB_Lifeclaim_13579,5000,Quarterly,12/31/2006,12/27/2029,3/31/2010,9/25/2010,U.S,Central,Illinois,Chicago,60610,500000,60000
2457,Professor,Yvonne,,Collier,Home Office,Single,Female,2/5/1991,12/31/2007,,13579,Mediclaim,Related to Life or Personal Claim,13579_2457,HSB_Lifeclaim_13579,5000,Quarterly,12/31/2007,12/27/2030,3/31/2011,9/25/2011,US,Central,Minnesota,Lino Lakes,55014,500000,60000
