Customer ID,Customer Name,Customer_Segment,Maritial_Status,Gender,DOB,Effective_Start_Dt,Effective_End_Dt,Policy_Type_Id,Policy_Type,Policy_Type_Desc,Policy_Id,Policy_Name,Premium_Amt,Policy_Term,Policy_Start_Dt,Policy_End_Dt,Next_Premium_Dt,Actual_Premium_Paid_Dt,Country,Region,State or Province,City,Postal Code,Total_Policy_Amt,Premium_Amt_Paid_TillDate
1627,Mr. Aaron Day,Corporate,Divorced,Male,2/14/1997,1/1/2008,,19183,Endowment,Pay a lump sum on its maturity or on death.,19183_674,HSB_Endowment_19183,5000,Quarterly,1/1/2010,1/1/2112,4/1/2013,4/11/2013,US,South,Arkansas,Van Buren,72956,500000,60000
1814,Mr. Albert Tyson,Home Office,Remarried,Male,2/5/1997,6/29/2011,,19184,Moneyback,The insured person gets a percentage of sum assured at regular intervals,19184_188,HSB_Moneyback_19184,5000,Quarterly,1/1/2011,12/27/2036,4/1/2014,4/11/2014,U.S,South,Florida,Seminole,33772,500000,60000
2062,Mr. Alfred Singh,Corporate,Single,Male,12/7/1997,1/1/2008,,19187,AnnuityPlan,Income stream for retirees,19187_2108,HSB_AnnuityPlan_19187,5000,Quarterly,1/1/2010,12/27/2037,4/1/2013,4/11/2013,United States,South,North Carolina,Charlotte,28206,500000,60000
3320,Mrs. Alicia Maynard,Small Business,Married,Female,2/5/1998,12/31/2008,,19182,WholeLife,Remain in force for the insured's entire lifetime,19182_697,HSB_WholeLife_22468,60000,Half Yearly,1/4/2013,1/1/2112,1/4/2014,1/9/2014,United States,South,North Carolina,Wilmington,28403,400000,120000
3456,Mr. Sathish Santhanam,Small Business,Married,Female,2/5/1997,1/31/2013,,19187,AnnuityPlan,Income stream for retirees,19187_2108,HSB_AnnuityPlan_19187,5000,Quarterly,1/1/2010,12/27/2037,4/1/2013,4/11/2013,United States Of America,South,North Carolina,Charlotte,28206,500000,60000
4567,Mrs. Gayathri Ekabaram,Small Business,Married,Female,2/5/1997,1/31/2013,,19187,AnnuityPlan,Income stream for retirees,19187_2108,HSB_AnnuityPlan_19187,5000,Quarterly,1/1/2010,12/27/2037,4/1/2013,4/11/2013,United States Of America,South,North Carolina,Charlotte,28206,500000,60000
