Customer ID,Customer Name,Customer_Segment,Maritial_Status,Gender,DOB,Effective_Start_Dt,Effective_End_Dt,Policy_Type_Id,Policy_Type,Policy_Type_Desc,Policy_Id,Policy_Name,Premium_Amt,Policy_Term,Policy_Start_Dt,Policy_End_Dt,Next_Premium_Dt,Actual_Premium_Paid_Dt,Country,Region,State or Province,City,Postal Code,Total_Policy_Amt,Premium_Amt_Paid_TillDate
2638,Doctor. ALICIA WoOd ShaH,Consumer,Married,Female,2/5/1998,12/30/2017,,2468,Mortgages,"Related to Ornaments, Property Claim",02468_2638,HSB_Jewel_02468,60000,Half Yearly,12/30/2017,12/27/2037,6/30/2018,7/20/2018,U.S.A,West,Idaho,Boise,83704,400000,60000
2745,Doctor. Arnold GAY,Corporate,Married,Male,12/9/1992,1/2/2010,,98765,Auto,Related to 4 wheelers or 3 wheelers or 2 wheelers Claims,98765_2745,HSB_Auto_98765,2000,Monthly,1/2/2010,12/29/2032,2/2/2013,,US,West,Arizona,Chandler,85224,200000,72000
357,Doctor. bArBAra McNamara,Corporate,Single,Female,12/8/1992,1/1/2010,,98765,Auto,Related to 4 wheelers or 3 wheelers or 2 wheelers Claims,98765_357,HSB_Auto_98765,2000,Monthly,1/1/2010,12/28/2032,2/1/2013,,U.S.A,West,Arizona,Kingman,86401,200000,72000
3264,Doctor. Becky Puckett,Corporate,Single,Male,2/9/1993,1/5/2010,,13579,Mediclaim,Related to Life or Personal Claim,13579_3264,HSB_Lifeclaim_13579,5000,Quarterly,1/5/2010,12/31/2032,4/5/2013,4/15/2013,U.S.A,West,California,Eureka,95501,500000,60000
617,Doctor. brett sCHultz,Consumer,Single,Male,2/5/1990,1/1/2007,,13579,Mediclaim,Related to Life or Personal Claim,13579_617,HSB_Lifeclaim_13579,5000,Quarterly,1/1/2007,12/27/2029,4/1/2010,4/11/2010,U.S,West,Colorado,Pueblo,81001,500000,60000
1391,Doctor. Carolyn Greer,Small Business,Single,Male,2/5/1990,1/1/2007,,13579,Mediclaim,Related to Life or Personal Claim,13579_1391,HSB_Lifeclaim_13579,5000,Quarterly,1/1/2007,12/27/2029,4/1/2010,4/11/2010,U.S,West,California,Sunnyvale,94086,500000,60000
2803,Doctor. Catherine Dorsey Burnett,Small Business,Divorced,Male,2/5/1990,1/1/2007,,13579,Mediclaim,Related to Life or Personal Claim,13579_2803,HSB_Lifeclaim_13579,5000,Quarterly,1/1/2007,12/27/2029,4/1/2010,4/11/2010,United States Of America,West,California,East Los Angeles,90022,500000,60000
820,Doctor. Catherine Mullins,Small Business,Single,Male,2/6/1990,1/2/2007,,13579,Mediclaim,Related to Life or Personal Claim,13579_820,HSB_Lifeclaim_13579,5000,Quarterly,1/2/2007,12/28/2029,4/2/2010,4/12/2010,United States Of America,West,Washington,Walla Walla,99362,500000,60000
3064,Doctor. Clarence Crowder,Consumer,Divorced,Female,2/6/1990,1/2/2007,,13579,Mediclaim,Related to Life or Personal Claim,13579_3064,HSB_Lifeclaim_13579,5000,Quarterly,1/2/2007,12/28/2029,4/2/2010,4/12/2010,US,West,Washington,Lacey,98503,500000,60000
2355,Doctor. Clyde Burnett,Consumer,Single,Female,12/7/1989,12/31/2006,,98765,Auto,Related to 4 wheelers or 3 wheelers or 2 wheelers Claims,98765_2355,HSB_Auto_98765,2000,Monthly,12/31/2006,12/27/2029,1/31/2010,,U.S,West,California,Coachella,92236,200000,72000
1723,Doctor. Constance Flowers,Corporate,Single,Female,2/5/1992,12/31/2008,,13579,Mediclaim,Related to Life or Personal Claim,13579_1723,HSB_Lifeclaim_13579,5000,Quarterly,12/31/2008,12/27/2031,3/31/2012,4/10/2012,United States,West,California,San Diego,92037,500000,60000
1989,Doctor. David Weaver,Home Office,Single,Male,2/5/1993,1/1/2010,,13579,Mediclaim,Related to Life or Personal Claim,13579_1989,HSB_Lifeclaim_13579,5000,Quarterly,1/1/2010,12/27/2032,4/1/2013,4/11/2013,United States Of America,West,Utah,Holladay,84117,500000,60000
549,Doctor. Dennis Boykin Townsend,Corporate,Single,Male,2/6/1990,1/2/2007,,13579,Mediclaim,Related to Life or Personal Claim,13579_549,HSB_Lifeclaim_13579,5000,Quarterly,1/2/2007,12/28/2029,4/2/2010,4/12/2010,United States,West,New Mexico,Roswell,88201,500000,60000
3325,Doctor. Diane Barr,Consumer,Widowed,Male,2/5/1992,12/31/2008,,13579,Mediclaim,Related to Life or Personal Claim,13579_3325,HSB_Lifeclaim_13579,5000,Quarterly,12/31/2008,12/27/2031,3/31/2012,4/10/2012,U.S,West,Oregon,Coos Bay,97420,500000,60000
922,Doctor. Dolores Abrams,Small Business,Single,Male,2/6/1992,12/30/2011,,2468,Mortgages,"Related to Ornaments, Property Claim",02468_922,HSB_Jewel_02468,60000,Half Yearly,12/30/2011,12/28/2031,6/30/2012,7/20/2012,U.S,West,California,Rancho Cucamonga,91730,400000,60000
1189,Doctor. Dwight Stephenson,Consumer,Single,Male,12/7/1990,12/31/2007,,98765,Auto,Related to 4 wheelers or 3 wheelers or 2 wheelers Claims,98765_1189,HSB_Auto_98765,2000,Monthly,12/31/2007,12/27/2030,1/31/2011,,US,West,California,Huntington Beach,92646,200000,72000
1374,Doctor. Earl Buck,Home Office,Single,Male,2/7/1991,1/3/2008,,13579,Mediclaim,Related to Life or Personal Claim,13579_1374,HSB_Lifeclaim_13579,5000,Quarterly,1/3/2008,12/29/2030,4/3/2011,4/13/2011,U.S.A,West,California,Stockton,95207,500000,60000
485,Doctor. Edward Leonard,Corporate,Single,Male,2/5/1989,1/1/2006,,13579,Mediclaim,Related to Life or Personal Claim,13579_485,HSB_Lifeclaim_13579,5000,Quarterly,1/1/2006,12/27/2028,4/1/2009,4/11/2009,US,West,California,Fresno,93727,500000,60000
259,Doctor. Edward Pugh,Consumer,Single,Male,2/5/1991,1/1/2008,,13579,Mediclaim,Related to Life or Personal Claim,13579_259,HSB_Lifeclaim_13579,5000,Quarterly,1/1/2008,12/27/2030,4/1/2011,4/11/2011,United States Of America,West,New Mexico,Santa Fe,87505,500000,60000
880,Doctor. Ellen Beck,Small Business,Single,Male,2/5/1992,12/31/2008,,13579,Mediclaim,Related to Life or Personal Claim,13579_880,HSB_Lifeclaim_13579,5000,Quarterly,12/31/2008,12/27/2031,3/31/2012,4/10/2012,U.S.A,West,Arizona,Scottsdale,85254,500000,60000
3209,Doctor. Elsie Floyd,Corporate,Married,Male,2/5/1993,12/30/2012,,2468,Mortgages,"Related to Ornaments, Property Claim",02468_3209,HSB_Jewel_02468,60000,Half Yearly,12/30/2012,12/27/2032,6/30/2013,7/20/2013,United States,West,California,Beverly Hills,90210,400000,60000
949,Doctor. Ernest Oh,Consumer,Single,Male,2/5/1991,1/1/2008,,13579,Mediclaim,Related to Life or Personal Claim,13579_949,HSB_Lifeclaim_13579,5000,Quarterly,1/1/2008,12/27/2030,4/1/2011,4/11/2011,US,West,California,Los Angeles,90049,500000,60000
993,Doctor. Gail Currin,Small Business,Single,Male,2/5/1993,1/1/2010,,13579,Mediclaim,Related to Life or Personal Claim,13579_993,HSB_Lifeclaim_13579,5000,Quarterly,1/1/2010,12/27/2032,4/1/2013,4/11/2013,United States Of America,West,California,Oxnard,93030,500000,60000
308,Doctor. Glen Caldwell,Small Business,Single,Male,2/5/1992,12/29/2011,,2468,Mortgages,"Related to Ornaments, Property Claim",02468_308,HSB_Jewel_02468,60000,Half Yearly,12/29/2011,12/27/2031,6/29/2012,7/19/2012,United States,West,Washington,Seattle,98115,400000,60000
1425,Doctor. Gregory Crane,Small Business,Single,Male,2/5/1989,12/30/2008,,2468,Mortgages,"Related to Ornaments, Property Claim",02468_1425,HSB_Jewel_02468,60000,Half Yearly,12/30/2008,12/27/2028,6/30/2009,7/20/2009,US,West,Colorado,Fort Collins,80525,400000,60000
1280,Doctor. Harold Albright,Corporate,Single,Male,2/5/1991,1/1/2008,,13579,Mediclaim,Related to Life or Personal Claim,13579_1280,HSB_Lifeclaim_13579,5000,Quarterly,1/1/2008,12/27/2030,4/1/2011,4/11/2011,United States Of America,West,Washington,Seattle,98119,500000,60000
3149,Doctor. Harriet Moore,Corporate,Married,Male,12/7/1988,12/31/2005,,98765,Auto,Related to 4 wheelers or 3 wheelers or 2 wheelers Claims,98765_3149,HSB_Auto_98765,2000,Monthly,12/31/2005,12/27/2028,1/31/2009,,United States Of America,West,Idaho,Rexburg,83440,200000,72000
851,Doctor. Helen H Heller,Corporate,Single,Male,2/5/1994,1/1/2011,,13579,Mediclaim,Related to Life or Personal Claim,13579_851,HSB_Lifeclaim_13579,5000,Quarterly,1/1/2011,12/27/2033,4/1/2014,4/11/2014,United States,West,California,Hacienda Heights,91745,500000,60000
3393,Doctor. Irene Murphy,Consumer,Married,Male,2/5/1992,12/31/2008,,13579,Mediclaim,Related to Life or Personal Claim,13579_3393,HSB_Lifeclaim_13579,5000,Quarterly,12/31/2008,12/27/2031,3/31/2012,4/10/2012,United States Of America,West,Washington,Pullman,99163,500000,60000
699,Doctor. Jenny Gold,Consumer,Single,Male,2/5/1998,1/1/2015,,13579,Mediclaim,Related to Life or Personal Claim,13579_699,HSB_Lifeclaim_13579,5000,Quarterly,1/1/2015,12/27/2037,4/1/2018,4/11/2018,United States,West,California,Los Angeles,90041,500000,60000
1609,Doctor. Jerry Ennis,Consumer,Single,Male,2/5/1992,12/31/2008,,13579,Mediclaim,Related to Life or Personal Claim,13579_1609,HSB_Lifeclaim_13579,5000,Quarterly,12/31/2008,12/27/2031,3/31/2012,4/10/2012,United States Of America,West,California,Sacramento,95823,500000,60000
744,Doctor. Joy Maxwell,Consumer,Single,Female,2/5/1993,12/30/2012,,2468,Mortgages,"Related to Ornaments, Property Claim",02468_744,HSB_Jewel_02468,60000,Half Yearly,12/30/2012,12/27/2032,6/30/2013,7/20/2013,U.S.A,West,Arizona,Oro Valley,85737,400000,60000
451,Doctor. Joyce Murray,Home Office,Single,Female,2/5/1994,1/1/2011,,13579,Mediclaim,Related to Life or Personal Claim,13579_451,HSB_Lifeclaim_13579,5000,Quarterly,1/1/2011,12/27/2033,4/1/2014,4/11/2014,U.S,West,California,Los Altos,94024,500000,60000
1956,Doctor. Justin Frank,Consumer,Single,Female,2/5/1995,12/30/2014,,2468,Mortgages,"Related to Ornaments, Property Claim",02468_1956,HSB_Jewel_02468,60000,Half Yearly,12/30/2014,12/27/2034,6/30/2015,7/20/2015,US,West,Colorado,Louisville,80027,400000,60000
570,Doctor. Katharine Bass,Consumer,Single,Female,2/5/1995,12/30/2014,,2468,Mortgages,"Related to Ornaments, Property Claim",02468_570,HSB_Jewel_02468,60000,Half Yearly,12/30/2014,12/27/2034,6/30/2015,7/20/2015,U.S.A,West,Nevada,Henderson,89015,400000,60000
1054,Doctor. Keith R Atkinson,Corporate,Single,Female,2/5/1994,12/30/2013,,2468,Mortgages,"Related to Ornaments, Property Claim",02468_1054,HSB_Jewel_02468,60000,Half Yearly,12/30/2013,12/27/2033,6/30/2014,7/20/2014,United States,West,Arizona,Surprise,85374,400000,60000
680,Doctor. Laurence Poe,Corporate,Single,Female,2/5/1991,12/30/2010,,2468,Mortgages,"Related to Ornaments, Property Claim",02468_680,HSB_Jewel_02468,60000,Half Yearly,12/30/2010,12/27/2030,6/30/2011,7/20/2011,United States Of America,West,Washington,Spokane,99207,400000,60000
1782,Doctor. Lawrence Dennis,Home Office,Single,Female,2/5/1991,1/1/2008,,13579,Mediclaim,Related to Life or Personal Claim,13579_1782,HSB_Lifeclaim_13579,5000,Quarterly,1/1/2008,12/27/2030,4/1/2011,4/11/2011,U.S.A,West,California,San Clemente,92672,500000,60000
2962,Doctor. Leonard Strauss,Consumer,Single,Female,2/5/1989,1/1/2006,,13579,Mediclaim,Related to Life or Personal Claim,13579_2962,HSB_Lifeclaim_13579,5000,Quarterly,1/1/2006,12/27/2028,4/1/2009,4/11/2009,U.S.A,West,Colorado,Louisville,80027,500000,60000
2037,Doctor. Lynda Herman,Small Business,Single,Female,2/5/1988,12/29/2007,,2468,Mortgages,"Related to Ornaments, Property Claim",02468_2037,HSB_Jewel_02468,60000,Half Yearly,12/29/2007,12/27/2027,6/29/2008,7/19/2008,United States,West,Montana,Bozeman,59715,400000,60000
2495,Doctor. Maria Block,Consumer,Single,Female,2/5/1995,1/1/2012,,13579,Mediclaim,Related to Life or Personal Claim,13579_2495,HSB_Lifeclaim_13579,5000,Quarterly,1/1/2012,12/27/2034,4/1/2015,4/11/2015,United States Of America,West,Wyoming,Rock Springs,82901,500000,60000
2141,Doctor. Molly Webster,Home Office,Single,Female,2/5/1996,12/31/2012,,13579,Mediclaim,Related to Life or Personal Claim,13579_2141,HSB_Lifeclaim_13579,5000,Quarterly,12/31/2012,12/27/2035,3/31/2016,4/10/2016,U.S.A,West,Colorado,Durango,81301,500000,60000
640,Doctor. Neal Wolfe,Consumer,Single,Female,2/5/1995,12/30/2014,,2468,Mortgages,"Related to Ornaments, Property Claim",02468_640,HSB_Jewel_02468,60000,Half Yearly,12/30/2014,12/27/2034,6/30/2015,7/20/2015,US,West,Washington,Seattle,98119,400000,60000
757,Doctor. Neil Hogan,Home Office,Single,Female,2/5/1986,1/1/2003,,13579,Mediclaim,Related to Life or Personal Claim,13579_757,HSB_Lifeclaim_13579,5000,Quarterly,1/1/2003,12/27/2025,4/1/2006,4/11/2006,U.S,West,Oregon,Tualatin,97062,500000,60000
1869,Doctor. Roberta Daniel,Consumer,Single,Female,12/7/1994,12/31/2011,,98765,Auto,Related to 4 wheelers or 3 wheelers or 2 wheelers Claims,98765_1869,HSB_Auto_98765,2000,Monthly,12/31/2011,12/27/2034,1/31/2015,,U.S,West,New Mexico,Alamogordo,88310,200000,72000
1117,Doctor. Samantha Koch,Home Office,Single,Female,2/5/1996,12/31/2012,,13579,Mediclaim,Related to Life or Personal Claim,13579_1117,HSB_Lifeclaim_13579,5000,Quarterly,12/31/2012,12/27/2035,3/31/2016,4/10/2016,U.S.A,West,Arizona,Tucson,85705,500000,60000
3354,Doctor. Sara Faulkner,Corporate,Single,Female,2/5/1993,1/1/2010,,13579,Mediclaim,Related to Life or Personal Claim,13579_3354,HSB_Lifeclaim_13579,5000,Quarterly,1/1/2010,12/27/2032,4/1/2013,4/11/2013,US,West,California,Calexico,92231,500000,60000
782,Doctor. Sarah N Becker,Small Business,Single,Female,2/5/1995,1/1/2012,,13579,Mediclaim,Related to Life or Personal Claim,13579_782,HSB_Lifeclaim_13579,5000,Quarterly,1/1/2012,12/27/2034,4/1/2015,4/11/2015,US,West,California,Whittier,90604,500000,60000
236,Doctor. Shawn McIntyre,Corporate,Single,Female,2/5/1992,12/29/2011,,2468,Mortgages,"Related to Ornaments, Property Claim",02468_236,HSB_Jewel_02468,60000,Half Yearly,12/29/2011,12/27/2031,6/29/2012,7/19/2012,US,West,Colorado,Louisville,80027,400000,60000
1307,Doctor. Teresa Hill,Small Business,Single,Female,2/5/1992,12/29/2011,,2468,Mortgages,"Related to Ornaments, Property Claim",02468_1307,HSB_Jewel_02468,60000,Half Yearly,12/29/2011,12/27/2031,6/29/2012,7/19/2012,United States,West,Oregon,Coos Bay,97420,400000,60000
3006,Doctor. Thomas Spence,Corporate,Single,Female,2/5/1996,12/31/2012,,13579,Mediclaim,Related to Life or Personal Claim,13579_3006,HSB_Lifeclaim_13579,5000,Quarterly,12/31/2012,12/27/2035,3/31/2016,4/10/2016,U.S,West,Idaho,Idaho Falls,83402,500000,60000
2431,Doctor. Troy Cassidy,Consumer,Single,Female,2/5/1994,1/1/2011,,13579,Mediclaim,Related to Life or Personal Claim,13579_2431,HSB_Lifeclaim_13579,5000,Quarterly,1/1/2011,12/27/2033,4/1/2014,4/11/2014,US,West,California,Los Angeles,90004,500000,60000
2855,Doctor. Vicki Womble,Consumer,Single,Female,2/5/1989,12/30/2008,,2468,Mortgages,"Related to Ornaments, Property Claim",02468_2855,HSB_Jewel_02468,60000,Half Yearly,12/30/2008,12/27/2028,6/30/2009,7/20/2009,United States,West,Washington,Des Moines,98198,400000,60000
2548,Doctor. Wayne Bass,Small Business,Single,Female,2/5/1990,1/1/2007,,13579,Mediclaim,Related to Life or Personal Claim,13579_2548,HSB_Lifeclaim_13579,5000,Quarterly,1/1/2007,12/27/2029,4/1/2010,4/11/2010,United States,West,California,Los Angeles,90068,500000,60000
181,Doctor. Wesley Waller,Corporate,Single,Female,2/5/1994,1/1/2011,,13579,Mediclaim,Related to Life or Personal Claim,13579_181,HSB_Lifeclaim_13579,5000,Quarterly,1/1/2011,12/27/2033,4/1/2014,4/11/2014,U.S,West,California,San Francisco,94122,500000,60000
2670,Doctor. Yvonne Mann,Home Office,Single,Female,2/5/1995,1/1/2012,,13579,Mediclaim,Related to Life or Personal Claim,13579_2670,HSB_Lifeclaim_13579,5000,Quarterly,1/1/2012,12/27/2034,4/1/2015,4/11/2015,U.S,West,California,Los Angeles,90049,500000,60000
1155,Dr. Alex Nicholson,Consumer,Married,Male,2/5/1997,12/31/2008,,19186,UnitLinked,Market-linked product that aggregates the very best of investment and insurance,19186_597,HSB_UnitLinked_19186,5000,Quarterly,12/31/2008,12/27/2037,3/31/2012,4/10/2012,US,West,Colorado,Grand Junction,81503,500000,60000
3063,Dr. Ann Steele,Consumer,Married,Female,2/5/1991,12/30/2010,,2468,Mortgages,"Related to Ornaments, Property Claim",02468_3063,HSB_Jewel_02468,60000,Half Yearly,12/30/2010,12/27/2030,6/30/2011,7/20/2011,United States Of America,West,Washington,Kirkland,98034,400000,60000
1988,Dr. Anna Burgess,Home Office,Married,Female,12/7/1990,12/31/2007,,98765,Auto,Related to 4 wheelers or 3 wheelers or 2 wheelers Claims,98765_1988,HSB_Auto_98765,2000,Monthly,12/31/2007,12/27/2030,1/31/2011,,United States,West,Utah,Draper,84020,200000,72000
526,Dr. April Hu,Home Office,Married,Male,2/5/1991,1/1/2008,,13579,Mediclaim,Related to Life or Personal Claim,13579_526,HSB_Lifeclaim_13579,5000,Quarterly,1/1/2008,12/27/2030,4/1/2011,4/11/2011,U.S.A,West,Arizona,Mesa,85204,500000,60000
353,Dr. Bonnie Chambers,Home Office,Single,Male,2/5/1990,1/1/2007,,13579,Mediclaim,Related to Life or Personal Claim,13579_353,HSB_Lifeclaim_13579,5000,Quarterly,1/1/2007,12/27/2029,4/1/2010,4/11/2010,U.S,West,Arizona,Glendale,85301,500000,60000
2652,Dr. Brenda Ross,Consumer,Single,Male,2/6/1990,1/2/2007,,13579,Mediclaim,Related to Life or Personal Claim,13579_2652,HSB_Lifeclaim_13579,5000,Quarterly,1/2/2007,12/28/2029,4/2/2010,4/12/2010,US,West,California,Bakersfield,93309,500000,60000
254,Dr. Brett Hawkins,Home Office,Single,Male,12/9/1989,1/2/2007,,98765,Auto,Related to 4 wheelers or 3 wheelers or 2 wheelers Claims,98765_254,HSB_Auto_98765,2000,Monthly,1/2/2007,12/29/2029,2/2/2010,,United States,West,Colorado,Highlands Ranch,80126,200000,72000
638,Dr. Brooke Shepherd,Consumer,Single,Male,2/5/1990,12/30/2009,,2468,Mortgages,"Related to Ornaments, Property Claim",02468_638,HSB_Jewel_02468,60000,Half Yearly,12/30/2009,12/27/2029,6/30/2010,7/20/2010,United States Of America,West,California,Santa Cruz,95062,400000,60000
800,Dr. Cheryl Guthrie,Consumer,Single,Male,2/5/1991,1/1/2008,,13579,Mediclaim,Related to Life or Personal Claim,13579_800,HSB_Lifeclaim_13579,5000,Quarterly,1/1/2008,12/27/2030,4/1/2011,4/11/2011,United States,West,Utah,Roy,84067,500000,60000
1305,Dr. Chris Pritchard,Consumer,Single,Male,12/7/1990,12/31/2007,,98765,Auto,Related to 4 wheelers or 3 wheelers or 2 wheelers Claims,98765_1305,HSB_Auto_98765,2000,Monthly,12/31/2007,12/27/2030,1/31/2011,,U.S.A,West,Utah,West Valley City,84120,200000,72000
2006,Dr. Cynthia Khan,Home Office,Single,Male,2/6/1990,1/2/2007,,13579,Mediclaim,Related to Life or Personal Claim,13579_2006,HSB_Lifeclaim_13579,5000,Quarterly,1/2/2007,12/28/2029,4/2/2010,4/12/2010,U.S.A,West,Colorado,Durango,81301,500000,60000
3206,Dr. Dana Rankin,Consumer,Widowed,Male,2/5/1991,1/1/2008,,13579,Mediclaim,Related to Life or Personal Claim,13579_3206,HSB_Lifeclaim_13579,5000,Quarterly,1/1/2008,12/27/2030,4/1/2011,4/11/2011,U.S.A,West,Idaho,Twin Falls,83301,500000,60000
463,Dr. Debbie Stevenson,Small Business,Single,Male,2/5/1992,12/31/2008,,13579,Mediclaim,Related to Life or Personal Claim,13579_463,HSB_Lifeclaim_13579,5000,Quarterly,12/31/2008,12/27/2031,3/31/2012,4/10/2012,United States Of America,West,California,West Hollywood,90069,500000,60000
771,Dr. Deborah Paul,Small Business,Single,Male,2/5/1990,12/30/2009,,2468,Mortgages,"Related to Ornaments, Property Claim",02468_771,HSB_Jewel_02468,60000,Half Yearly,12/30/2009,12/27/2029,6/30/2010,7/20/2010,United States Of America,West,Oregon,West Linn,97068,400000,60000
1665,Dr. Elsie Pridgen,Consumer,Single,Male,2/5/1991,1/1/2008,,13579,Mediclaim,Related to Life or Personal Claim,13579_1665,HSB_Lifeclaim_13579,5000,Quarterly,1/1/2008,12/27/2030,4/1/2011,4/11/2011,U.S.A,West,California,Laguna Hills,92653,500000,60000
2323,Dr. Emma Buckley,Small Business,Single,Male,2/5/1991,12/30/2010,,2468,Mortgages,"Related to Ornaments, Property Claim",02468_2323,HSB_Jewel_02468,60000,Half Yearly,12/30/2010,12/27/2030,6/30/2011,7/20/2011,US,West,California,Coachella,92236,400000,60000
875,Dr. Erika Fink,Small Business,Single,Male,2/5/1994,12/30/2013,,2468,Mortgages,"Related to Ornaments, Property Claim",02468_875,HSB_Jewel_02468,60000,Half Yearly,12/30/2013,12/27/2033,6/30/2014,7/20/2014,U.S,West,Utah,Salt Lake City,84106,400000,60000
1044,Dr. Erin Ballard,Home Office,Single,Male,2/5/1994,1/1/2011,,13579,Mediclaim,Related to Life or Personal Claim,13579_1044,HSB_Lifeclaim_13579,5000,Quarterly,1/1/2011,12/27/2033,4/1/2014,4/11/2014,U.S.A,West,California,Los Angeles,90004,500000,60000
428,Dr. Ernest Barber,Corporate,Single,Male,2/5/1992,12/31/2008,,13579,Mediclaim,Related to Life or Personal Claim,13579_428,HSB_Lifeclaim_13579,5000,Quarterly,12/31/2008,12/27/2031,3/31/2012,4/10/2012,US,West,Nevada,Carson City,89701,500000,60000
2931,Dr. Faye Hanna,Small Business,Married,Male,2/5/1989,1/1/2006,,13579,Mediclaim,Related to Life or Personal Claim,13579_2931,HSB_Lifeclaim_13579,5000,Quarterly,1/1/2006,12/27/2028,4/1/2009,4/11/2009,U.S,West,California,El Dorado Hills,95630,500000,60000
218,Dr. Frances Saunders,Consumer,Single,Male,2/5/1991,12/30/2010,,2468,Mortgages,"Related to Ornaments, Property Claim",02468_218,HSB_Jewel_02468,60000,Half Yearly,12/30/2010,12/27/2030,6/30/2011,7/20/2011,United States Of America,West,Utah,Murray,84107,400000,60000
1186,Dr. Glenda Herbert,Consumer,Single,Male,2/5/1993,12/30/2012,,2468,Mortgages,"Related to Ornaments, Property Claim",02468_1186,HSB_Jewel_02468,60000,Half Yearly,12/30/2012,12/27/2032,6/30/2013,7/20/2013,United States Of America,West,California,Huntington Beach,92646,400000,60000
972,Dr. Gregory Holden,Corporate,Single,Male,12/7/1990,12/31/2007,,98765,Auto,Related to 4 wheelers or 3 wheelers or 2 wheelers Claims,98765_972,HSB_Auto_98765,2000,Monthly,12/31/2007,12/27/2030,1/31/2011,,United States,West,California,Riverside,92503,200000,72000
510,Dr. Gregory Rao,Corporate,Single,Male,2/5/1991,1/1/2008,,13579,Mediclaim,Related to Life or Personal Claim,13579_510,HSB_Lifeclaim_13579,5000,Quarterly,1/1/2008,12/27/2030,4/1/2011,4/11/2011,United States,West,California,Manteca,95336,500000,60000
3258,Dr. Gretchen Best Wilkins,Consumer,Married,Male,2/5/1991,12/30/2010,,2468,Mortgages,"Related to Ornaments, Property Claim",02468_3258,HSB_Jewel_02468,60000,Half Yearly,12/30/2010,12/27/2030,6/30/2011,7/20/2011,U.S,West,Washington,Lynnwood,98037,400000,60000
1390,Dr. Hazel Jones,Corporate,Single,Male,2/5/1991,12/30/2010,,2468,Mortgages,"Related to Ornaments, Property Claim",02468_1390,HSB_Jewel_02468,60000,Half Yearly,12/30/2010,12/27/2030,6/30/2011,7/20/2011,US,West,California,Stockton,95207,400000,60000
754,Dr. Helen Lyons,Consumer,Single,Male,2/5/1993,12/30/2012,,2468,Mortgages,"Related to Ornaments, Property Claim",02468_754,HSB_Jewel_02468,60000,Half Yearly,12/30/2012,12/27/2032,6/30/2013,7/20/2013,US,West,Arizona,Prescott Valley,86314,400000,60000
1781,Dr. Jackie Capps,Home Office,Single,Male,12/7/1990,12/31/2007,,98765,Auto,Related to 4 wheelers or 3 wheelers or 2 wheelers Claims,98765_1781,HSB_Auto_98765,2000,Monthly,12/31/2007,12/27/2030,1/31/2011,,U.S,West,California,San Carlos,94070,200000,72000
2385,Dr. Janice Frye,Small Business,Single,Male,12/7/1988,12/31/2005,,98765,Auto,Related to 4 wheelers or 3 wheelers or 2 wheelers Claims,98765_2385,HSB_Auto_98765,2000,Monthly,12/31/2005,12/27/2028,1/31/2009,,United States Of America,West,New Mexico,Las Cruces,88001,200000,72000
850,Dr. Jesse Hutchinson,Corporate,Single,Male,2/5/1989,1/1/2006,,13579,Mediclaim,Related to Life or Personal Claim,13579_850,HSB_Lifeclaim_13579,5000,Quarterly,1/1/2006,12/27/2028,4/1/2009,4/11/2009,U.S.A,West,California,Goleta,93117,500000,60000
920,Dr. Jessie Kelly,Consumer,Single,Male,2/5/1991,1/1/2008,,13579,Mediclaim,Related to Life or Personal Claim,13579_920,HSB_Lifeclaim_13579,5000,Quarterly,1/1/2008,12/27/2030,4/1/2011,4/11/2011,US,West,California,Redlands,92374,500000,60000
2801,Dr. Jimmy Wang,Home Office,Married,Male,2/5/1989,1/1/2006,,13579,Mediclaim,Related to Life or Personal Claim,13579_2801,HSB_Lifeclaim_13579,5000,Quarterly,1/1/2006,12/27/2028,4/1/2009,4/11/2009,United States,West,Arizona,Chandler,85224,500000,60000
1271,Dr. Joanne Church,Corporate,Single,Female,12/7/1989,12/31/2006,,98765,Auto,Related to 4 wheelers or 3 wheelers or 2 wheelers Claims,98765_1271,HSB_Auto_98765,2000,Monthly,12/31/2006,12/27/2029,1/31/2010,,United States,West,California,La Mesa,91941,200000,72000
1852,Dr. Joy Kaplan McNeill,Home Office,Single,Female,2/5/1989,1/1/2006,,13579,Mediclaim,Related to Life or Personal Claim,13579_1852,HSB_Lifeclaim_13579,5000,Quarterly,1/1/2006,12/27/2028,4/1/2009,4/11/2009,US,West,California,Carlsbad,92008,500000,60000
1113,Dr. Julia Reynolds,Corporate,Single,Female,2/5/1991,12/30/2010,,2468,Mortgages,"Related to Ornaments, Property Claim",02468_1113,HSB_Jewel_02468,60000,Half Yearly,12/30/2010,12/27/2030,6/30/2011,7/20/2011,U.S,West,Colorado,Arvada,80004,400000,60000
679,Dr. Katie Dougherty,Corporate,Single,Female,2/5/1998,1/1/2015,,13579,Mediclaim,Related to Life or Personal Claim,13579_679,HSB_Lifeclaim_13579,5000,Quarterly,1/1/2015,12/27/2037,4/1/2018,4/11/2018,United States,West,Washington,Spanaway,98387,500000,60000
556,Dr. Kristina Sanders,Home Office,Single,Female,2/5/1989,1/1/2006,,13579,Mediclaim,Related to Life or Personal Claim,13579_556,HSB_Lifeclaim_13579,5000,Quarterly,1/1/2006,12/27/2028,4/1/2009,4/11/2009,U.S,West,Utah,Provo,84604,500000,60000
3148,Dr. Leroy Field,Corporate,Single,Female,12/7/1990,12/31/2007,,98765,Auto,Related to 4 wheelers or 3 wheelers or 2 wheelers Claims,98765_3148,HSB_Auto_98765,2000,Monthly,12/31/2007,12/27/2030,1/31/2011,,United States,West,Idaho,Post Falls,83854,200000,72000
3324,Dr. Leslie Jacobson,Consumer,Single,Female,2/5/1994,1/1/2011,,13579,Mediclaim,Related to Life or Personal Claim,13579_3324,HSB_Lifeclaim_13579,5000,Quarterly,1/1/2011,12/27/2033,4/1/2014,4/11/2014,US,West,Arizona,El Mirage,85335,500000,60000
1950,Dr. Leslie Shannon,Small Business,Single,Female,2/5/1996,12/31/2012,,13579,Mediclaim,Related to Life or Personal Claim,13579_1950,HSB_Lifeclaim_13579,5000,Quarterly,12/31/2012,12/27/2035,3/31/2016,4/10/2016,United States Of America,West,Montana,Butte,59750,500000,60000
2626,Dr. Lillian Fischer,Consumer,Single,Female,2/5/1994,1/1/2011,,13579,Mediclaim,Related to Life or Personal Claim,13579_2626,HSB_Lifeclaim_13579,5000,Quarterly,1/1/2011,12/27/2033,4/1/2014,4/11/2014,U.S,West,California,Menlo Park,94025,500000,60000
604,Dr. Lindsay P Ashley,Home Office,Single,Female,2/5/1992,12/31/2008,,13579,Mediclaim,Related to Life or Personal Claim,13579_604,HSB_Lifeclaim_13579,5000,Quarterly,12/31/2008,12/27/2031,3/31/2012,4/10/2012,US,West,California,Los Angeles,90045,500000,60000
1316,Dr. Marion Lindsey,Home Office,Single,Female,2/5/1994,1/1/2011,,13579,Mediclaim,Related to Life or Personal Claim,13579_1316,HSB_Lifeclaim_13579,5000,Quarterly,1/1/2011,12/27/2033,4/1/2014,4/11/2014,U.S,West,Colorado,Commerce City,80022,500000,60000
1481,Dr. Marvin MacDonald,Corporate,Single,Female,2/5/1989,1/1/2006,,13579,Mediclaim,Related to Life or Personal Claim,13579_1481,HSB_Lifeclaim_13579,5000,Quarterly,1/1/2006,12/27/2028,4/1/2009,4/11/2009,United States,West,California,Los Angeles,90049,500000,60000
2741,Dr. Megan York,Small Business,Single,Female,2/5/1997,6/30/2016,,2468,Mortgages,"Related to Ornaments, Property Claim",02468_2741,HSB_Jewel_02468,60000,Half Yearly,6/30/2016,12/27/2036,6/30/2017,7/20/2017,United States Of America,West,Idaho,Caldwell,83605,400000,120000
2135,Dr. Melvin Kendall,Home Office,Single,Female,2/5/1997,6/30/2016,,2468,Mortgages,"Related to Ornaments, Property Claim",02468_2135,HSB_Jewel_02468,60000,Half Yearly,6/30/2016,12/27/2036,6/30/2017,7/20/2017,U.S,West,New Mexico,Clovis,88101,400000,120000
2828,Dr. Monica Howard,Corporate,Single,Female,2/5/1998,1/1/2015,,13579,Mediclaim,Related to Life or Personal Claim,13579_2828,HSB_Lifeclaim_13579,5000,Quarterly,1/1/2015,12/27/2037,4/1/2018,4/11/2018,U.S.A,West,California,El Centro,92243,500000,60000
3351,Dr. Nathan Wyatt,Small Business,Single,Female,2/5/1990,1/1/2007,,13579,Mediclaim,Related to Life or Personal Claim,13579_3351,HSB_Lifeclaim_13579,5000,Quarterly,1/1/2007,12/27/2029,4/1/2010,4/11/2010,United States Of America,West,Washington,Pasco,99301,500000,60000
698,Dr. Nelson Hensley,Corporate,Single,Female,2/5/1995,1/1/2012,,13579,Mediclaim,Related to Life or Personal Claim,13579_698,HSB_Lifeclaim_13579,5000,Quarterly,1/1/2012,12/27/2034,4/1/2015,4/11/2015,U.S.A,West,Washington,Seattle,98105,500000,60000
2531,Dr. Rick Houston,Small Business,Single,Female,2/5/1989,1/1/2006,,13579,Mediclaim,Related to Life or Personal Claim,13579_2531,HSB_Lifeclaim_13579,5000,Quarterly,1/1/2006,12/27/2028,4/1/2009,4/11/2009,U.S.A,West,California,Atascadero,93422,500000,60000
164,Dr. Robin Kramer Vaughn,Home Office,Single,Female,2/5/1988,12/31/2004,,13579,Mediclaim,Related to Life or Personal Claim,13579_164,HSB_Lifeclaim_13579,5000,Quarterly,12/31/2004,12/27/2027,3/31/2008,4/10/2008,US,West,Washington,Richland,99352,500000,60000
1424,Dr. Robyn Zhou,Home Office,Single,Female,2/5/1989,1/1/2006,,13579,Mediclaim,Related to Life or Personal Claim,13579_1424,HSB_Lifeclaim_13579,5000,Quarterly,1/1/2006,12/27/2028,4/1/2009,4/11/2009,United States Of America,West,Colorado,Englewood,80112,500000,60000
290,Dr. Sara O'Connor,Small Business,Single,Female,2/5/1994,12/30/2013,,2468,Mortgages,"Related to Ornaments, Property Claim",02468_290,HSB_Jewel_02468,60000,Half Yearly,12/30/2013,12/27/2033,6/30/2014,7/20/2014,U.S.A,West,Colorado,Loveland,80538,400000,60000
2491,Dr. Sean N Boyer,Consumer,Single,Female,2/5/1992,12/31/2008,,13579,Mediclaim,Related to Life or Personal Claim,13579_2491,HSB_Lifeclaim_13579,5000,Quarterly,12/31/2008,12/27/2031,3/31/2012,4/10/2012,United States,West,California,Los Angeles,90045,500000,60000
945,Dr. Stephanie Sun Perry,Home Office,Single,Female,2/5/1991,1/1/2008,,13579,Mediclaim,Related to Life or Personal Claim,13579_945,HSB_Lifeclaim_13579,5000,Quarterly,1/1/2008,12/27/2030,4/1/2011,4/11/2011,United States Of America,West,California,Saratoga,95070,500000,60000
719,Dr. Stephen Lam,Corporate,Single,Female,2/5/1993,1/1/2010,,13579,Mediclaim,Related to Life or Personal Claim,13579_719,HSB_Lifeclaim_13579,5000,Quarterly,1/1/2010,12/27/2032,4/1/2013,4/11/2013,U.S,West,Nevada,Pahrump,89041,500000,60000
3005,Dr. Teresa Watts,Corporate,Single,Female,2/5/1995,1/1/2012,,13579,Mediclaim,Related to Life or Personal Claim,13579_3005,HSB_Lifeclaim_13579,5000,Quarterly,1/1/2012,12/27/2034,4/1/2015,4/11/2015,US,West,Idaho,Coeur D Alene,83814,500000,60000
32,Miss. Matthew Berman,Corporate,Single,Female,2/5/1989,12/30/2008,,2468,Mortgages,"Related to Ornaments, Property Claim",02468_32,HSB_Jewel_02468,60000,Half Yearly,12/30/2008,12/27/2028,6/30/2009,7/20/2009,U.S,West,Oregon,Grants Pass,97526,400000,60000
32,Miss. Matthew Berman,Corporate,Single,Female,2/5/1989,12/30/2008,,2468,Mortgages,"Related to Ornaments, Property Claim",02468_32,HSB_Jewel_02468,60000,Half Yearly,12/30/2008,12/27/2028,6/30/2009,7/20/2009,U.S,West,Oregon,Grants Pass,97526,400000,60000
87,Miss. Norman Shields,Corporate,Single,Female,12/7/1996,12/31/2013,,98765,Auto,Related to 4 wheelers or 3 wheelers or 2 wheelers Claims,98765_87,HSB_Auto_98765,2000,Monthly,12/31/2013,12/27/2036,1/31/2017,,U.S.A,West,California,Vacaville,95687,200000,72000
5,Miss. Ronnie Proctor,Home Office,Single,Female,12/7/1989,12/31/2006,12/27/2029,1/31/2010,1/0/1900,U.S,West,California,2000,Monthly,12/31/2006,12/27/2029,1/31/2010,,U.S,West,California,San Gabriel,91776,200000,72000
5,Miss. Ronnie Proctor,Home Office,Single,Female,12/7/1989,12/31/2006,,98765,Auto,Related to 4 wheelers or 3 wheelers or 2 wheelers Claims,98765_5,HSB_Auto_98765,2000,Monthly,12/31/2006,12/27/2029,1/31/2010,,U.S,West,California,San Gabriel,91776,200000,72000
53,Miss. Sidney Russell Austin,Corporate,Single,Female,2/5/1988,12/31/2004,,13579,Mediclaim,Related to Life or Personal Claim,13579_53,HSB_Lifeclaim_13579,5000,Quarterly,12/31/2004,12/27/2027,3/31/2008,4/10/2008,US,West,Washington,Redmond,98052,500000,60000
43,Miss. Theodore Moran,Consumer,Single,Female,2/5/1986,12/30/2005,,2468,Mortgages,"Related to Ornaments, Property Claim",02468_43,HSB_Jewel_02468,60000,Half Yearly,12/30/2005,12/27/2025,6/30/2006,7/20/2006,United States,West,Washington,Redmond,98052,400000,60000
43,Miss. Theodore Moran,Consumer,Single,Female,2/5/1986,12/30/2005,,2468,Mortgages,"Related to Ornaments, Property Claim",02468_43,HSB_Jewel_02468,60000,Half Yearly,12/30/2005,12/27/2025,6/30/2006,7/20/2006,United States,West,Washington,Redmond,98052,400000,60000
91,Miss. Wallace Werner,Corporate,Single,Female,2/5/1991,12/30/2010,,2468,Mortgages,"Related to Ornaments, Property Claim",02468_91,HSB_Jewel_02468,60000,Half Yearly,12/30/2010,12/27/2030,6/30/2011,7/20/2011,United States,West,California,Vallejo,94591,400000,60000
3,Mister. Bonnie Potter,Corporate,Single,Male,2/6/1992,1/1/2009,,13579,Mediclaim,Related to Life or Personal Claim,13579_3,HSB_Lifeclaim_13579,5000,Quarterly,1/1/2009,12/28/2031,4/1/2012,4/11/2012,US,West,Washington,Anacortes,98221,500000,60000
3,Mister. Bonnie Potter,Corporate,Single,Male,2/6/1992,1/1/2009,,13579,Mediclaim,Related to Life or Personal Claim,13579_3,HSB_Lifeclaim_13579,5000,Quarterly,1/1/2009,12/28/2031,4/1/2012,4/11/2012,US,West,Washington,Anacortes,98221,500000,60000
156,Mister. Diana Xu,Corporate,Single,Male,2/5/1990,1/1/2007,,13579,Mediclaim,Related to Life or Personal Claim,13579_156,HSB_Lifeclaim_13579,5000,Quarterly,1/1/2007,12/27/2029,4/1/2010,4/11/2010,United States Of America,West,Colorado,Fort Collins,80525,500000,60000
27,Mister. Guy Gallagher,Corporate,Single,Male,12/7/1991,12/31/2008,,98765,Auto,Related to 4 wheelers or 3 wheelers or 2 wheelers Claims,98765_27,HSB_Auto_98765,2000,Monthly,12/31/2008,12/27/2031,1/31/2012,,US,West,California,Lakewood,90712,200000,72000
27,Mister. Guy Gallagher,Corporate,Single,Male,12/7/1991,12/31/2008,,98765,Auto,Related to 4 wheelers or 3 wheelers or 2 wheelers Claims,98765_27,HSB_Auto_98765,2000,Monthly,12/31/2008,12/27/2031,1/31/2012,,US,West,California,Lakewood,90712,200000,72000
522,Mr. Aaron Riggs,Small Business,Single,Male,2/5/1997,1/1/2008,,19181,TermLife,Coverage for a certain period of time,19181_1354,HSB_Termclaim_23579,5000,Quarterly,1/1/2008,12/27/2036,4/1/2011,4/11/2011,United States Of America,West,Washington,Tacoma,98408,500000,60000
3388,Mr. Aaron Shaffer,Corporate,Married,Male,2/5/1997,1/1/2011,,19184,Moneyback,The insured person gets a percentage of sum assured at regular intervals,19184_188,HSB_Moneyback_19184,5000,Quarterly,1/1/2011,12/27/2036,4/1/2014,4/11/2014,United States,West,Colorado,Grand Junction,81503,500000,60000
1315,Mr. Adam Saunders Gray,Home Office,Divorced,Male,2/5/1993,1/1/2008,,19185,ChildPlan,Insurance cum investment plan to secure child's future,19185_3106,HSB_ChildPlan_19185,5000,Quarterly,1/1/2008,12/27/2035,4/1/2011,4/11/2011,US,West,Colorado,Grand Junction,81503,500000,60000
1155,Mr. Alex Nicholson,Consumer,Single,Male,2/5/1998,1/1/2010,,19187,AnnuityPlan,Income stream for retirees,19187_2108,HSB_AnnuityPlan_19187,5000,Quarterly,1/1/2010,12/27/2037,4/1/2013,4/11/2013,U.S,West,Washington,Parkland,98444,500000,60000
136,Mr. Dale Gillespie,Small Business,Single,Male,2/5/1990,1/1/2007,,13579,Mediclaim,Related to Life or Personal Claim,13579_136,HSB_Lifeclaim_13579,5000,Quarterly,1/1/2007,12/27/2029,4/1/2010,4/11/2010,United States,West,California,Petaluma,94952,500000,60000
115,Mr. Dwight M Carr,Home Office,Single,Male,2/6/1991,1/1/2011,,2468,Mortgages,"Related to Ornaments, Property Claim",02468_115,HSB_Jewel_02468,60000,Half Yearly,1/1/2011,12/28/2030,7/1/2011,7/21/2011,US,West,Oregon,Mcminnville,97128,400000,60000
24,Mr. Edna Thomas,Corporate,Single,Male,2/5/1994,1/1/2011,,13579,Mediclaim,Related to Life or Personal Claim,13579_24,HSB_Lifeclaim_13579,5000,Quarterly,1/1/2011,12/27/2033,4/1/2014,4/11/2014,United States Of America,West,California,Laguna Niguel,92677,500000,60000
24,Mr. Edna Thomas,Corporate,Single,Male,2/5/1994,1/1/2011,,13579,Mediclaim,Related to Life or Personal Claim,13579_24,HSB_Lifeclaim_13579,5000,Quarterly,1/1/2011,12/27/2033,4/1/2014,4/11/2014,United States Of America,West,California,Laguna Niguel,92677,500000,60000
67,Mr. Ellen McCormick,Corporate,Single,Male,2/5/1990,1/1/2007,,13579,Mediclaim,Related to Life or Personal Claim,13579_67,HSB_Lifeclaim_13579,5000,Quarterly,1/1/2007,12/27/2029,4/1/2010,4/11/2010,U.S,West,California,Napa,94559,500000,60000
120,Mrs. Helen H Murphy,Corporate,Single,Male,2/5/1991,12/30/2010,,2468,Mortgages,"Related to Ornaments, Property Claim",02468_120,HSB_Jewel_02468,60000,Half Yearly,12/30/2010,12/27/2030,6/30/2011,7/20/2011,U.S.A,West,Utah,Layton,84041,400000,60000
19,Mrs. Jim Rodgers,Small Business,Single,Male,2/5/1993,12/30/2012,,2468,Mortgages,"Related to Ornaments, Property Claim",02468_19,HSB_Jewel_02468,60000,Half Yearly,12/30/2012,12/27/2032,6/30/2013,7/20/2013,United States,West,Montana,Missoula,59801,400000,60000
19,Mrs. Jim Rodgers,Small Business,Single,Male,2/5/1993,12/30/2012,,2468,Mortgages,"Related to Ornaments, Property Claim",02468_19,HSB_Jewel_02468,60000,Half Yearly,12/30/2012,12/27/2032,6/30/2013,7/20/2013,United States,West,Montana,Missoula,59801,400000,60000
18,Mrs. Laurie Hanna,Small Business,Single,Female,12/7/1994,12/31/2011,,98765,Auto,Related to 4 wheelers or 3 wheelers or 2 wheelers Claims,98765_18,HSB_Auto_98765,2000,Monthly,12/31/2011,12/27/2034,1/31/2015,,U.S.A,West,Montana,Helena,59601,200000,72000
18,Mrs. Laurie Hanna,Small Business,Single,Female,12/7/1994,12/31/2011,,98765,Auto,Related to 4 wheelers or 3 wheelers or 2 wheelers Claims,98765_18,HSB_Auto_98765,2000,Monthly,12/31/2011,12/27/2034,1/31/2015,,U.S.A,West,Montana,Helena,59601,200000,72000
117,Mrs. Linda Weiss,Home Office,Single,Female,2/5/1999,12/30/2018,,2468,Mortgages,"Related to Ornaments, Property Claim",02468_117,HSB_Jewel_02468,60000,Half Yearly,12/30/2018,12/27/2038,6/30/2019,7/20/2019,U.S,West,Washington,Seattle,98103,400000,60000
52,Mrs. Lorraine Kelly,Corporate,Single,Female,2/5/1996,12/29/2015,,2468,Mortgages,"Related to Ornaments, Property Claim",02468_52,HSB_Jewel_02468,60000,Half Yearly,12/29/2015,12/27/2035,6/29/2016,7/19/2016,United States Of America,West,Washington,Puyallup,98373,400000,60000
52,Mrs. Lorraine Kelly,Corporate,Single,Female,2/5/1996,12/29/2015,,2468,Mortgages,"Related to Ornaments, Property Claim",02468_52,HSB_Jewel_02468,60000,Half Yearly,12/29/2015,12/27/2035,6/29/2016,7/19/2016,United States Of America,West,Washington,Puyallup,98373,400000,60000
33,Mrs. Ricky Hensley,Corporate,Single,Female,2/5/1997,1/1/2014,,13579,Mediclaim,Related to Life or Personal Claim,13579_33,HSB_Lifeclaim_13579,5000,Quarterly,1/1/2014,12/27/2036,4/1/2017,4/11/2017,U.S.A,West,Oregon,Gresham,97030,500000,60000
33,Mrs. Ricky Hensley,Corporate,Single,Female,2/5/1997,1/1/2014,,13579,Mediclaim,Related to Life or Personal Claim,13579_33,HSB_Lifeclaim_13579,5000,Quarterly,1/1/2014,12/27/2036,4/1/2017,4/11/2017,U.S.A,West,Oregon,Gresham,97030,500000,60000
114,Mrs. Ron Newton,Home Office,Single,Female,2/5/1991,1/1/2008,,13579,Mediclaim,Related to Life or Personal Claim,13579_114,HSB_Lifeclaim_13579,5000,Quarterly,1/1/2008,12/27/2030,4/1/2011,4/11/2011,United States Of America,West,Oregon,Lake Oswego,97035,500000,60000
522,Prof. Aaron Riggs,Small Business,Married,Male,2/5/1997,6/29/2011,,19182,WholeLife,Remain in force for the insured's entire lifetime,19182_697,HSB_WholeLife_22468,60000,Half Yearly,6/29/2011,1/1/2112,6/29/2012,7/19/2012,US,West,Idaho,Boise,83704,400000,120000
691,Prof. Alicia Curtis,Home Office,Married,Female,2/5/1998,1/1/2015,,13579,Mediclaim,Related to Life or Personal Claim,13579_691,HSB_Lifeclaim_13579,5000,Quarterly,1/1/2015,12/27/2037,4/1/2018,4/11/2018,US,West,Washington,Tacoma,98408,500000,60000
2498,Prof. Arlene Long,Small Business,Married,Male,2/5/1992,12/31/2008,,13579,Mediclaim,Related to Life or Personal Claim,13579_2498,HSB_Lifeclaim_13579,5000,Quarterly,12/31/2008,12/27/2031,3/31/2012,4/10/2012,US,West,California,San Diego,92024,500000,60000
1410,Prof. Charles Ward,Corporate,Single,Male,2/5/1991,12/30/2010,,2468,Mortgages,"Related to Ornaments, Property Claim",02468_1410,HSB_Jewel_02468,60000,Half Yearly,12/30/2010,12/27/2030,6/30/2011,7/20/2011,U.S.A,West,California,Moreno Valley,92553,400000,60000
1383,Prof. Christina Hanna,Consumer,Single,Female,12/9/1990,1/2/2008,,98765,Auto,Related to 4 wheelers or 3 wheelers or 2 wheelers Claims,98765_1383,HSB_Auto_98765,2000,Monthly,1/2/2008,12/29/2030,2/2/2011,,United States,West,Utah,West Valley City,84120,200000,72000
2773,Prof. Christina Zhu,Corporate,Divorced,Female,2/9/1991,1/5/2008,,13579,Mediclaim,Related to Life or Personal Claim,13579_2773,HSB_Lifeclaim_13579,5000,Quarterly,1/5/2008,12/31/2030,4/5/2011,4/15/2011,U.S,West,California,Dublin,94568,500000,60000
1303,Prof. Cindy Harvey,Consumer,Single,Female,2/5/1990,12/30/2009,,2468,Mortgages,"Related to Ornaments, Property Claim",02468_1303,HSB_Jewel_02468,60000,Half Yearly,12/30/2009,12/27/2029,6/30/2010,7/20/2010,US,West,Utah,Tooele,84074,400000,60000
2489,Prof. Craig Liu,Home Office,Single,Male,2/5/1991,12/30/2010,,2468,Mortgages,"Related to Ornaments, Property Claim",02468_2489,HSB_Jewel_02468,60000,Half Yearly,12/30/2010,12/27/2030,6/30/2011,7/20/2011,U.S,West,California,Concord,94521,400000,60000
193,Prof. Danny Hong,Corporate,Single,Male,2/5/1990,1/1/2007,,13579,Mediclaim,Related to Life or Personal Claim,13579_193,HSB_Lifeclaim_13579,5000,Quarterly,1/1/2007,12/27/2029,4/1/2010,4/11/2010,U.S.A,West,Utah,Layton,84041,500000,60000
493,Prof. Douglas Buck,Consumer,Single,Male,2/5/1990,1/1/2007,,13579,Mediclaim,Related to Life or Personal Claim,13579_493,HSB_Lifeclaim_13579,5000,Quarterly,1/1/2007,12/27/2029,4/1/2010,4/11/2010,U.S,West,Washington,Seatac,98158,500000,60000
830,Prof. Douglas Sutton,Corporate,Single,Male,2/5/1991,1/1/2008,,13579,Mediclaim,Related to Life or Personal Claim,13579_830,HSB_Lifeclaim_13579,5000,Quarterly,1/1/2008,12/27/2030,4/1/2011,4/11/2011,US,West,Colorado,Wheat Ridge,80033,500000,60000
1836,Prof. Dwight Albright Huffman,Corporate,Single,Male,2/6/1991,1/1/2011,,2468,Mortgages,"Related to Ornaments, Property Claim",02468_1836,HSB_Jewel_02468,60000,Half Yearly,1/1/2011,12/28/2030,7/1/2011,7/21/2011,United States,West,California,San Francisco,94110,400000,60000
1940,Prof. Eileen McDonald,Corporate,Single,Male,12/7/1991,12/31/2008,,98765,Auto,Related to 4 wheelers or 3 wheelers or 2 wheelers Claims,98765_1940,HSB_Auto_98765,2000,Monthly,12/31/2008,12/27/2031,1/31/2012,,U.S.A,West,Utah,Draper,84020,200000,72000
2356,Prof. Emma Bloom,Consumer,Single,Male,12/7/1992,12/31/2009,,98765,Auto,Related to 4 wheelers or 3 wheelers or 2 wheelers Claims,98765_2356,HSB_Auto_98765,2000,Monthly,12/31/2009,12/27/2032,1/31/2013,,U.S.A,West,Wyoming,Rock Springs,82901,200000,72000
2868,Prof. Eugene Clayton,Corporate,Married,Male,2/5/1991,1/1/2008,,13579,Mediclaim,Related to Life or Personal Claim,13579_2868,HSB_Lifeclaim_13579,5000,Quarterly,1/1/2008,12/27/2030,4/1/2011,4/11/2011,United States Of America,West,Washington,Edmonds,98026,500000,60000
2052,Prof. Francis Kendall,Home Office,Single,Male,2/5/1991,12/30/2010,,2468,Mortgages,"Related to Ornaments, Property Claim",02468_2052,HSB_Jewel_02468,60000,Half Yearly,12/30/2010,12/27/2030,6/30/2011,7/20/2011,United States Of America,West,New Mexico,Albuquerque,87105,400000,60000
240,Prof. Gilbert Scarborough,Small Business,Single,Male,2/5/1991,1/1/2008,,13579,Mediclaim,Related to Life or Personal Claim,13579_240,HSB_Lifeclaim_13579,5000,Quarterly,1/1/2008,12/27/2030,4/1/2011,4/11/2011,U.S,West,Colorado,Fountain,80817,500000,60000
3355,Prof. Glenda Simon,Corporate,Married,Male,2/5/1993,12/30/2012,,2468,Mortgages,"Related to Ornaments, Property Claim",02468_3355,HSB_Jewel_02468,60000,Half Yearly,12/30/2012,12/27/2032,6/30/2013,7/20/2013,U.S,West,California,Camarillo,93010,400000,60000
3075,Prof. Gordon Brandt,Corporate,Married,Male,12/7/1991,12/31/2008,,98765,Auto,Related to 4 wheelers or 3 wheelers or 2 wheelers Claims,98765_3075,HSB_Auto_98765,2000,Monthly,12/31/2008,12/27/2031,1/31/2012,,U.S,West,California,Los Angeles,90061,200000,72000
576,Prof. Gordon Lyon,Corporate,Single,Male,2/5/1993,1/1/2010,,13579,Mediclaim,Related to Life or Personal Claim,13579_576,HSB_Lifeclaim_13579,5000,Quarterly,1/1/2010,12/27/2032,4/1/2013,4/11/2013,United States,West,California,Pomona,91767,500000,60000
2164,Prof. Harry Sellers,Small Business,Single,Male,2/5/1990,1/1/2007,,13579,Mediclaim,Related to Life or Personal Claim,13579_2164,HSB_Lifeclaim_13579,5000,Quarterly,1/1/2007,12/27/2029,4/1/2010,4/11/2010,United States,West,California,Pasadena,91104,500000,60000
268,Prof. James Beck,Home Office,Single,Male,12/7/1990,12/31/2007,,98765,Auto,Related to 4 wheelers or 3 wheelers or 2 wheelers Claims,98765_268,HSB_Auto_98765,2000,Monthly,12/31/2007,12/27/2030,1/31/2011,,US,West,Arizona,Flagstaff,86001,200000,72000
786,Prof. Jason Bray,Home Office,Single,Male,2/5/1990,1/1/2007,,13579,Mediclaim,Related to Life or Personal Claim,13579_786,HSB_Lifeclaim_13579,5000,Quarterly,1/1/2007,12/27/2029,4/1/2010,4/11/2010,U.S,West,California,Mission Viejo,92691,500000,60000
1182,Prof. Jesse Williamson,Home Office,Single,Male,2/5/1990,1/1/2007,,13579,Mediclaim,Related to Life or Personal Claim,13579_1182,HSB_Lifeclaim_13579,5000,Quarterly,1/1/2007,12/27/2029,4/1/2010,4/11/2010,U.S.A,West,Utah,Spanish Fork,84660,500000,60000
700,Prof. Joseph Grossman,Consumer,Single,Female,2/5/1992,12/31/2008,,13579,Mediclaim,Related to Life or Personal Claim,13579_700,HSB_Lifeclaim_13579,5000,Quarterly,12/31/2008,12/27/2031,3/31/2012,4/10/2012,United States Of America,West,California,Santa Maria,93454,500000,60000
317,Prof. Katherine Kearney,Corporate,Single,Female,2/5/1999,1/1/2016,,13579,Mediclaim,Related to Life or Personal Claim,13579_317,HSB_Lifeclaim_13579,5000,Quarterly,1/1/2016,12/27/2038,4/1/2019,4/11/2019,United States Of America,West,California,Lemon Grove,91945,500000,60000
3238,Prof. Kathleen P Bloom,Corporate,Single,Female,2/5/1990,12/30/2009,,2468,Mortgages,"Related to Ornaments, Property Claim",02468_3238,HSB_Jewel_02468,60000,Half Yearly,12/30/2009,12/27/2029,6/30/2010,7/20/2010,United States Of America,West,Oregon,Corvallis,97330,400000,60000
1314,Prof. Keith Marsh,Home Office,Single,Female,2/5/1991,1/1/2008,,13579,Mediclaim,Related to Life or Personal Claim,13579_1314,HSB_Lifeclaim_13579,5000,Quarterly,1/1/2008,12/27/2030,4/1/2011,4/11/2011,United States Of America,West,California,Los Angeles,90058,500000,60000
918,Prof. Kerry Jernigan,Corporate,Single,Female,12/7/1998,12/31/2015,,98765,Auto,Related to 4 wheelers or 3 wheelers or 2 wheelers Claims,98765_918,HSB_Auto_98765,2000,Monthly,12/31/2015,12/27/2038,1/31/2019,,United States,West,California,Rancho Cucamonga,91730,200000,72000
1730,Prof. Kerry Wilkerson,Small Business,Single,Female,2/5/1987,12/30/2006,,2468,Mortgages,"Related to Ornaments, Property Claim",02468_1730,HSB_Jewel_02468,60000,Half Yearly,12/30/2006,12/27/2026,6/30/2007,7/20/2007,United States Of America,West,Idaho,Moscow,83843,400000,60000
1101,Prof. Kimberly McCarthy,Small Business,Single,Female,2/5/1993,1/1/2010,,13579,Mediclaim,Related to Life or Personal Claim,13579_1101,HSB_Lifeclaim_13579,5000,Quarterly,1/1/2010,12/27/2032,4/1/2013,4/11/2013,United States Of America,West,California,Oxnard,93030,500000,60000
553,Prof. Kristine Connolly,Corporate,Single,Female,12/7/1992,12/31/2009,,98765,Auto,Related to 4 wheelers or 3 wheelers or 2 wheelers Claims,98765_553,HSB_Auto_98765,2000,Monthly,12/31/2009,12/27/2032,1/31/2013,,United States Of America,West,California,Los Angeles,90008,200000,72000
651,Prof. Leah Clapp,Consumer,Single,Female,2/5/1999,12/30/2018,,2468,Mortgages,"Related to Ornaments, Property Claim",02468_651,HSB_Jewel_02468,60000,Half Yearly,12/30/2018,12/27/2038,6/30/2019,7/20/2019,U.S,West,Nevada,Las Vegas,89115,400000,60000
853,Prof. Leah Davenport,Small Business,Single,Female,2/5/1987,1/1/2004,,13579,Mediclaim,Related to Life or Personal Claim,13579_853,HSB_Lifeclaim_13579,5000,Quarterly,1/1/2004,12/27/2026,4/1/2007,4/11/2007,United States Of America,West,California,Hesperia,92345,500000,60000
452,Prof. Leslie Rowland,Home Office,Single,Female,2/5/1995,12/30/2014,,2468,Mortgages,"Related to Ornaments, Property Claim",02468_452,HSB_Jewel_02468,60000,Half Yearly,12/30/2014,12/27/2034,6/30/2015,7/20/2015,U.S.A,West,California,Los Banos,93635,400000,60000
2699,Prof. Marcia Greenberg,Corporate,Single,Female,12/7/1987,12/31/2004,,98765,Auto,Related to 4 wheelers or 3 wheelers or 2 wheelers Claims,98765_2699,HSB_Auto_98765,2000,Monthly,12/31/2004,12/27/2027,1/31/2008,,U.S.A,West,Arizona,Bullhead City,86442,200000,72000
2639,Prof. Marianne Connor,Consumer,Single,Female,2/5/1988,12/31/2004,,13579,Mediclaim,Related to Life or Personal Claim,13579_2639,HSB_Lifeclaim_13579,5000,Quarterly,12/31/2004,12/27/2027,3/31/2008,4/10/2008,United States,West,New Mexico,Roswell,88201,500000,60000
745,Prof. Mary Page,Consumer,Single,Female,2/5/1998,12/30/2017,,2468,Mortgages,"Related to Ornaments, Property Claim",02468_745,HSB_Jewel_02468,60000,Half Yearly,12/30/2017,12/27/2037,6/30/2018,7/20/2018,United States,West,Arizona,Peoria,85345,400000,60000
2823,Prof. Max Hurley,Corporate,Single,Female,2/5/1988,12/31/2004,,13579,Mediclaim,Related to Life or Personal Claim,13579_2823,HSB_Lifeclaim_13579,5000,Quarterly,12/31/2004,12/27/2027,3/31/2008,4/10/2008,US,West,Nevada,North Las Vegas,89031,500000,60000
3017,Prof. Melvin Benton,Corporate,Single,Female,2/5/1993,1/1/2010,,13579,Mediclaim,Related to Life or Personal Claim,13579_3017,HSB_Lifeclaim_13579,5000,Quarterly,1/1/2010,12/27/2032,4/1/2013,4/11/2013,U.S.A,West,California,Encinitas,92024,500000,60000
1041,Prof. Mildred Chase,Small Business,Single,Female,2/5/1987,1/1/2004,,13579,Mediclaim,Related to Life or Personal Claim,13579_1041,HSB_Lifeclaim_13579,5000,Quarterly,1/1/2004,12/27/2026,4/1/2007,4/11/2007,US,West,California,Woodland,95695,500000,60000
1991,Prof. Paula Hubbard,Home Office,Single,Female,2/5/1992,12/31/2008,,13579,Mediclaim,Related to Life or Personal Claim,13579_1991,HSB_Lifeclaim_13579,5000,Quarterly,12/31/2008,12/27/2031,3/31/2012,4/10/2012,US,West,Utah,Kearns,84118,500000,60000
3340,Prof. Phillip Blum,Consumer,Single,Female,2/5/1989,12/30/2008,,2468,Mortgages,"Related to Ornaments, Property Claim",02468_3340,HSB_Jewel_02468,60000,Half Yearly,12/30/2008,12/27/2028,6/30/2009,7/20/2009,U.S.A,West,Oregon,Troutdale,97060,400000,60000
960,Prof. Phillip Chappell,Home Office,Single,Female,2/5/1990,1/1/2007,,13579,Mediclaim,Related to Life or Personal Claim,13579_960,HSB_Lifeclaim_13579,5000,Quarterly,1/1/2007,12/27/2029,4/1/2010,4/11/2010,U.S,West,California,Redondo Beach,90278,500000,60000
3196,Prof. Rick Foster Hawkins,Home Office,Single,Female,2/5/1988,12/29/2007,,2468,Mortgages,"Related to Ornaments, Property Claim",02468_3196,HSB_Jewel_02468,60000,Half Yearly,12/29/2007,12/27/2027,6/29/2008,7/19/2008,US,West,California,San Francisco,94109,400000,60000
618,Prof. Robert Cowan,Consumer,Single,Female,2/5/1993,1/1/2010,,13579,Mediclaim,Related to Life or Personal Claim,13579_618,HSB_Lifeclaim_13579,5000,Quarterly,1/1/2010,12/27/2032,4/1/2013,4/11/2013,U.S.A,West,Colorado,Pueblo West,81007,500000,60000
936,Prof. Robyn Garner,Corporate,Single,Female,2/5/1992,12/31/2008,,13579,Mediclaim,Related to Life or Personal Claim,13579_936,HSB_Lifeclaim_13579,5000,Quarterly,12/31/2008,12/27/2031,3/31/2012,4/10/2012,U.S.A,West,California,Redlands,92374,500000,60000
3003,Prof. Roy Rouse,Home Office,Single,Female,2/5/1990,12/30/2009,,2468,Mortgages,"Related to Ornaments, Property Claim",02468_3003,HSB_Jewel_02468,60000,Half Yearly,12/30/2009,12/27/2029,6/30/2010,7/20/2010,United States,West,Idaho,Coeur D Alene,83814,400000,60000
1257,Prof. Ryan Foster,Home Office,Single,Female,2/5/1987,1/1/2004,,13579,Mediclaim,Related to Life or Personal Claim,13579_1257,HSB_Lifeclaim_13579,5000,Quarterly,1/1/2004,12/27/2026,4/1/2007,4/11/2007,U.S,West,Colorado,Aurora,80013,500000,60000
1636,Prof. Sidney Greenberg,Home Office,Single,Female,12/7/1997,12/31/2014,,98765,Auto,Related to 4 wheelers or 3 wheelers or 2 wheelers Claims,98765_1636,HSB_Auto_98765,2000,Monthly,12/31/2014,12/27/2037,1/31/2018,,US,West,California,Salinas,93905,200000,72000
762,Prof. Stuart Holloway,Small Business,Single,Female,2/5/1987,12/30/2006,,2468,Mortgages,"Related to Ornaments, Property Claim",02468_762,HSB_Jewel_02468,60000,Half Yearly,12/30/2006,12/27/2026,6/30/2007,7/20/2007,U.S.A,West,Washington,Vancouver,98661,400000,60000
3275,Prof. Tamara Dickinson,Small Business,Single,Female,2/5/1993,1/1/2010,,13579,Mediclaim,Related to Life or Personal Claim,13579_3275,HSB_Lifeclaim_13579,5000,Quarterly,1/1/2010,12/27/2032,4/1/2013,4/11/2013,United States,West,Washington,Mount Vernon,98273,500000,60000
3403,Prof. Tammy Buckley,Consumer,Single,Female,12/7/1987,12/31/2004,,98765,Auto,Related to 4 wheelers or 3 wheelers or 2 wheelers Claims,98765_3403,HSB_Auto_98765,2000,Monthly,12/31/2004,12/27/2027,1/31/2008,,US,West,Wyoming,Cheyenne,82001,200000,72000
1121,Prof. Tonya Proctor,Consumer,Single,Female,2/5/1997,6/30/2016,,2468,Mortgages,"Related to Ornaments, Property Claim",02468_1121,HSB_Jewel_02468,60000,Half Yearly,6/30/2016,12/27/2036,6/30/2017,7/20/2017,United States,West,California,Temecula,92592,400000,120000
369,Prof. Troy Moon,Corporate,Single,Female,12/7/1994,12/31/2011,,98765,Auto,Related to 4 wheelers or 3 wheelers or 2 wheelers Claims,98765_369,HSB_Auto_98765,2000,Monthly,12/31/2011,12/27/2034,1/31/2015,,United States,West,California,Oakland,94601,200000,72000
1450,Prof. Veronica Peck,Consumer,Single,Female,12/7/1996,12/31/2013,,98765,Auto,Related to 4 wheelers or 3 wheelers or 2 wheelers Claims,98765_1450,HSB_Auto_98765,2000,Monthly,12/31/2013,12/27/2036,1/31/2017,,U.S,West,California,South Lake Tahoe,96150,200000,72000
1958,Prof. Vickie Martinez,Consumer,Single,Female,2/5/1997,6/30/2016,,2468,Mortgages,"Related to Ornaments, Property Claim",02468_1958,HSB_Jewel_02468,60000,Half Yearly,6/30/2016,12/27/2036,6/30/2017,7/20/2017,U.S,West,Oregon,West Linn,97068,400000,120000
2570,Prof. Yvonne Stephens,Consumer,Single,Female,12/7/1998,12/31/2015,,98765,Auto,Related to 4 wheelers or 3 wheelers or 2 wheelers Claims,98765_2570,HSB_Auto_98765,2000,Monthly,12/31/2015,12/27/2038,1/31/2019,,United States Of America,West,California,Davis,95616,200000,72000
522,Professor Aaron Riggs,Small Business,Married,Male,2/5/1997,1/1/2010,,19183,Endowment,Pay a lump sum on its maturity or on death.,19183_674,HSB_Endowment_19183,5000,Quarterly,1/1/2010,1/1/2112,4/1/2013,4/11/2013,U.S,West,Idaho,Rexburg,83440,500000,60000
3205,Professor Alvin Mullins,Consumer,Married,Male,2/5/1995,1/1/2012,,13579,Mediclaim,Related to Life or Personal Claim,13579_3205,HSB_Lifeclaim_13579,5000,Quarterly,1/1/2012,12/27/2034,4/1/2015,4/11/2015,U.S,West,Idaho,Rexburg,83440,500000,60000
241,Professor Amy Ellis Holder,Small Business,Married,Female,2/5/1998,12/30/2017,,2468,Mortgages,"Related to Ornaments, Property Claim",02468_241,HSB_Jewel_02468,60000,Half Yearly,12/30/2017,12/27/2037,6/30/2018,7/20/2018,U.S.A,West,Colorado,Grand Junction,81503,400000,60000
3350,Professor Amy York,Small Business,Married,Female,2/6/1992,12/30/2011,,2468,Mortgages,"Related to Ornaments, Property Claim",02468_3350,HSB_Jewel_02468,60000,Half Yearly,12/30/2011,12/28/2031,6/30/2012,7/20/2012,United States,West,Washington,Parkland,98444,400000,60000
653,Professor Ann Katz,Consumer,Married,Female,2/10/1991,1/6/2008,,13579,Mediclaim,Related to Life or Personal Claim,13579_653,HSB_Lifeclaim_13579,5000,Quarterly,1/6/2008,1/1/2031,4/6/2011,4/16/2011,U.S.A,West,California,Rancho Cucamonga,91730,500000,60000
1183,Professor Becky O'Brien,Home Office,Single,Male,2/8/1993,1/3/2013,,2468,Mortgages,"Related to Ornaments, Property Claim",02468_1183,HSB_Jewel_02468,60000,Half Yearly,1/3/2013,12/30/2032,7/3/2013,7/23/2013,United States,West,Utah,Springville,84663,400000,60000
961,Professor Benjamin Chan,Home Office,Single,Male,12/12/1992,1/5/2010,,98765,Auto,Related to 4 wheelers or 3 wheelers or 2 wheelers Claims,98765_961,HSB_Auto_98765,2000,Monthly,1/5/2010,1/1/2033,2/5/2013,,U.S.A,West,California,Redwood City,94061,200000,72000
269,Professor Calvin Boyette,Home Office,Single,Male,2/5/1991,1/1/2008,,13579,Mediclaim,Related to Life or Personal Claim,13579_269,HSB_Lifeclaim_13579,5000,Quarterly,1/1/2008,12/27/2030,4/1/2011,4/11/2011,U.S,West,Arizona,Gilbert,85234,500000,60000
2825,Professor Carole Rosen,Consumer,Divorced,Male,2/5/1990,1/1/2007,,13579,Mediclaim,Related to Life or Personal Claim,13579_2825,HSB_Lifeclaim_13579,5000,Quarterly,1/1/2007,12/27/2029,4/1/2010,4/11/2010,U.S,West,Idaho,Boise,83701,500000,60000
411,Professor Carolyn Proctor,Consumer,Single,Male,2/7/1990,1/3/2007,,13579,Mediclaim,Related to Life or Personal Claim,13579_411,HSB_Lifeclaim_13579,5000,Quarterly,1/3/2007,12/29/2029,4/3/2010,4/13/2010,United States Of America,West,California,Oakland,94601,500000,60000
1653,Professor Charles Cline,Corporate,Single,Male,2/5/1990,12/30/2009,,2468,Mortgages,"Related to Ornaments, Property Claim",02468_1653,HSB_Jewel_02468,60000,Half Yearly,12/30/2009,12/27/2029,6/30/2010,7/20/2010,U.S,West,California,Thousand Oaks,91360,400000,60000
637,Professor Christopher Bryant,Consumer,Single,Female,12/12/1990,1/5/2008,,98765,Auto,Related to 4 wheelers or 3 wheelers or 2 wheelers Claims,98765_637,HSB_Auto_98765,2000,Monthly,1/5/2008,1/1/2031,2/5/2011,,United States,West,California,Santa Clara,95051,200000,72000
335,Professor Curtis O'Connell,Corporate,Single,Male,12/7/1989,12/31/2006,,98765,Auto,Related to 4 wheelers or 3 wheelers or 2 wheelers Claims,98765_335,HSB_Auto_98765,2000,Monthly,12/31/2006,12/27/2029,1/31/2010,,US,West,Oregon,Medford,97504,200000,72000
1949,Professor Dana Waller,Small Business,Single,Male,12/8/1990,1/1/2008,,98765,Auto,Related to 4 wheelers or 3 wheelers or 2 wheelers Claims,98765_1949,HSB_Auto_98765,2000,Monthly,1/1/2008,12/28/2030,2/1/2011,,United States,West,Montana,Bozeman,59715,200000,72000
3084,Professor Debbie Hsu,Small Business,Widowed,Male,2/5/1991,1/1/2008,,13579,Mediclaim,Related to Life or Personal Claim,13579_3084,HSB_Lifeclaim_13579,5000,Quarterly,1/1/2008,12/27/2030,4/1/2011,4/11/2011,U.S.A,West,Washington,Lacey,98503,500000,60000
2376,Professor Debra Batchelor,Corporate,Single,Male,2/5/1990,1/1/2007,,13579,Mediclaim,Related to Life or Personal Claim,13579_2376,HSB_Lifeclaim_13579,5000,Quarterly,1/1/2007,12/27/2029,4/1/2010,4/11/2010,United States,West,Idaho,Moscow,83843,500000,60000
797,Professor Eileen Riddle,Corporate,Single,Male,2/5/1992,12/31/2008,,13579,Mediclaim,Related to Life or Personal Claim,13579_797,HSB_Lifeclaim_13579,5000,Quarterly,12/31/2008,12/27/2031,3/31/2012,4/10/2012,U.S.A,West,Utah,Roy,84067,500000,60000
753,Professor Elisabeth Massey,Corporate,Single,Male,2/5/1990,1/1/2007,,13579,Mediclaim,Related to Life or Personal Claim,13579_753,HSB_Lifeclaim_13579,5000,Quarterly,1/1/2007,12/27/2029,4/1/2010,4/11/2010,United States Of America,West,Arizona,Prescott,86301,500000,60000
453,Professor George Terry,Corporate,Single,Male,12/7/1992,12/31/2009,,98765,Auto,Related to 4 wheelers or 3 wheelers or 2 wheelers Claims,98765_453,HSB_Auto_98765,2000,Monthly,12/31/2009,12/27/2032,1/31/2013,,United States,West,California,Los Gatos,95032,200000,72000
833,Professor Gerald Love,Corporate,Single,Male,2/5/1989,1/1/2006,,13579,Mediclaim,Related to Life or Personal Claim,13579_833,HSB_Lifeclaim_13579,5000,Quarterly,1/1/2006,12/27/2028,4/1/2009,4/11/2009,U.S,West,California,Gilroy,95020,500000,60000
770,Professor Geraldine Puckett,Small Business,Single,Male,2/5/1992,12/29/2011,,2468,Mortgages,"Related to Ornaments, Property Claim",02468_770,HSB_Jewel_02468,60000,Half Yearly,12/29/2011,12/27/2031,6/29/2012,7/19/2012,United States,West,Oregon,Tualatin,97062,400000,60000
603,Professor Gretchen Ball,Home Office,Single,Male,2/5/1990,12/30/2009,,2468,Mortgages,"Related to Ornaments, Property Claim",02468_603,HSB_Jewel_02468,60000,Half Yearly,12/30/2009,12/27/2029,6/30/2010,7/20/2010,United States Of America,West,Colorado,Pueblo,81001,400000,60000
1837,Professor Herbert Williamson,Corporate,Single,Male,2/5/1992,12/31/2008,,13579,Mediclaim,Related to Life or Personal Claim,13579_1837,HSB_Lifeclaim_13579,5000,Quarterly,12/31/2008,12/27/2031,3/31/2012,4/10/2012,United States Of America,West,California,San Gabriel,91776,500000,60000
2004,Professor James Dickinson Ball,Home Office,Single,Male,2/5/1990,12/30/2009,,2468,Mortgages,"Related to Ornaments, Property Claim",02468_2004,HSB_Jewel_02468,60000,Half Yearly,12/30/2009,12/27/2029,6/30/2010,7/20/2010,U.S,West,Montana,Bozeman,59715,400000,60000
2530,Professor Janet Zhang,Small Business,Single,Male,2/5/1989,12/30/2008,,2468,Mortgages,"Related to Ornaments, Property Claim",02468_2530,HSB_Jewel_02468,60000,Half Yearly,12/30/2008,12/27/2028,6/30/2009,7/20/2009,U.S,West,California,Apple Valley,92307,400000,60000
1389,Professor Jean Khan,Consumer,Single,Male,2/5/1990,1/1/2007,,13579,Mediclaim,Related to Life or Personal Claim,13579_1389,HSB_Lifeclaim_13579,5000,Quarterly,1/1/2007,12/27/2029,4/1/2010,4/11/2010,United States Of America,West,California,Menlo Park,94025,500000,60000
1042,Professor Jerome Burch,Small Business,Single,Male,2/5/1990,1/1/2007,,13579,Mediclaim,Related to Life or Personal Claim,13579_1042,HSB_Lifeclaim_13579,5000,Quarterly,1/1/2007,12/27/2029,4/1/2010,4/11/2010,U.S,West,California,Yuba City,95991,500000,60000
494,Professor Jimmy Alston Holder,Consumer,Single,Male,2/5/1993,1/1/2010,,13579,Mediclaim,Related to Life or Personal Claim,13579_494,HSB_Lifeclaim_13579,5000,Quarterly,1/1/2010,12/27/2032,4/1/2013,4/11/2013,U.S.A,West,Washington,Seattle,98115,500000,60000
2781,Professor Kelly Byers,Consumer,Single,Female,2/5/1997,1/1/2014,,13579,Mediclaim,Related to Life or Personal Claim,13579_2781,HSB_Lifeclaim_13579,5000,Quarterly,1/1/2014,12/27/2036,4/1/2017,4/11/2017,U.S.A,West,Oregon,Woodburn,97071,500000,60000
702,Professor Kelly O'Connor,Consumer,Single,Female,2/5/1989,1/1/2006,,13579,Mediclaim,Related to Life or Personal Claim,13579_702,HSB_Lifeclaim_13579,5000,Quarterly,1/1/2006,12/27/2028,4/1/2009,4/11/2009,US,West,California,Santa Rosa,95404,500000,60000
937,Professor Kelly Shaw,Corporate,Single,Female,2/5/1991,12/30/2010,,2468,Mortgages,"Related to Ornaments, Property Claim",02468_937,HSB_Jewel_02468,60000,Half Yearly,12/30/2010,12/27/2030,6/30/2011,7/20/2011,United States,West,California,Redondo Beach,90278,400000,60000
1112,Professor Luis Kerr,Corporate,Single,Female,2/5/1998,12/30/2017,,2468,Mortgages,"Related to Ornaments, Property Claim",02468_1112,HSB_Jewel_02468,60000,Half Yearly,12/30/2017,12/27/2037,6/30/2018,7/20/2018,US,West,California,Yucaipa,92399,400000,60000
1412,Professor Marc Ray,Corporate,Single,Female,2/5/1997,1/1/2014,,13579,Mediclaim,Related to Life or Personal Claim,13579_1412,HSB_Lifeclaim_13579,5000,Quarterly,1/1/2014,12/27/2036,4/1/2017,4/11/2017,United States,West,California,Mountain View,94043,500000,60000
1979,Professor Marianne Weiner Ennis,Corporate,Single,Female,2/5/1990,12/30/2009,,2468,Mortgages,"Related to Ornaments, Property Claim",02468_1979,HSB_Jewel_02468,60000,Half Yearly,12/30/2009,12/27/2029,6/30/2010,7/20/2010,U.S.A,West,Colorado,Littleton,80122,400000,60000
3287,Professor Mary Norman,Small Business,Single,Female,2/5/1997,1/1/2014,,13579,Mediclaim,Related to Life or Personal Claim,13579_3287,HSB_Lifeclaim_13579,5000,Quarterly,1/1/2014,12/27/2036,4/1/2017,4/11/2017,United States Of America,West,California,Granite Bay,95746,500000,60000
3004,Professor Maurice Everett,Corporate,Single,Female,2/5/1998,1/1/2015,,13579,Mediclaim,Related to Life or Personal Claim,13579_3004,HSB_Lifeclaim_13579,5000,Quarterly,1/1/2015,12/27/2037,4/1/2018,4/11/2018,United States Of America,West,California,Los Angeles,90049,500000,60000
1754,Professor Nelson Hong,Consumer,Single,Female,2/5/1998,12/30/2017,,2468,Mortgages,"Related to Ornaments, Property Claim",02468_1754,HSB_Jewel_02468,60000,Half Yearly,12/30/2017,12/27/2037,6/30/2018,7/20/2018,US,West,California,Torrance,90503,400000,60000
2490,Professor Pauline Finch,Home Office,Single,Female,2/5/1998,12/30/2017,,2468,Mortgages,"Related to Ornaments, Property Claim",02468_2490,HSB_Jewel_02468,60000,Half Yearly,12/30/2017,12/27/2037,6/30/2018,7/20/2018,U.S.A,West,California,Costa Mesa,92627,400000,60000
1123,Professor Peggy Lanier,Small Business,Single,Female,2/5/1988,12/29/2007,,2468,Mortgages,"Related to Ornaments, Property Claim",02468_1123,HSB_Jewel_02468,60000,Half Yearly,12/29/2007,12/27/2027,6/29/2008,7/19/2008,United States Of America,West,California,Roseville,95661,400000,60000
2729,Professor Penny O Caldwell,Consumer,Single,Female,12/7/1990,12/31/2007,,98765,Auto,Related to 4 wheelers or 3 wheelers or 2 wheelers Claims,98765_2729,HSB_Auto_98765,2000,Monthly,12/31/2007,12/27/2030,1/31/2011,,United States,West,Washington,Bellingham,98226,200000,72000
693,Professor Richard McClure,Small Business,Single,Female,12/7/1995,12/31/2012,,98765,Auto,Related to 4 wheelers or 3 wheelers or 2 wheelers Claims,98765_693,HSB_Auto_98765,2000,Monthly,12/31/2012,12/27/2035,1/31/2016,,U.S,West,Colorado,Thornton,80229,200000,72000
3356,Professor Richard Tan,Corporate,Single,Female,2/5/1999,12/30/2018,,2468,Mortgages,"Related to Ornaments, Property Claim",02468_3356,HSB_Jewel_02468,60000,Half Yearly,12/30/2018,12/27/2038,6/30/2019,7/20/2019,U.S.A,West,Idaho,Eagle,83616,400000,60000
871,Professor Sandy Ellington,Home Office,Single,Female,2/5/1998,1/1/2015,,13579,Mediclaim,Related to Life or Personal Claim,13579_871,HSB_Lifeclaim_13579,5000,Quarterly,1/1/2015,12/27/2037,4/1/2018,4/11/2018,US,West,Nevada,Reno,89502,500000,60000
2225,Professor Sean McKenna,Small Business,Single,Female,12/7/1994,12/31/2011,,98765,Auto,Related to 4 wheelers or 3 wheelers or 2 wheelers Claims,98765_2225,HSB_Auto_98765,2000,Monthly,12/31/2011,12/27/2034,1/31/2015,,United States Of America,West,New Mexico,Hobbs,88240,200000,72000
3257,Professor Sharon Marcus,Consumer,Single,Female,12/7/1988,12/31/2005,,98765,Auto,Related to 4 wheelers or 3 wheelers or 2 wheelers Claims,98765_3257,HSB_Auto_98765,2000,Monthly,12/31/2005,12/27/2028,1/31/2009,,US,West,Washington,Longview,98632,200000,72000
1304,Professor Sherri McIntosh,Consumer,Single,Female,2/5/1986,1/1/2003,,13579,Mediclaim,Related to Life or Personal Claim,13579_1304,HSB_Lifeclaim_13579,5000,Quarterly,1/1/2003,12/27/2025,4/1/2006,4/11/2006,U.S,West,Utah,West Jordan,84084,500000,60000
2878,Professor Susan Carroll Berman,Consumer,Single,Female,2/5/1990,12/30/2009,,2468,Mortgages,"Related to Ornaments, Property Claim",02468_2878,HSB_Jewel_02468,60000,Half Yearly,12/30/2009,12/27/2029,6/30/2010,7/20/2010,US,West,Washington,Seattle,98107,400000,60000
194,Professor Tammy Goldman,Corporate,Single,Female,2/5/1990,1/1/2007,,13579,Mediclaim,Related to Life or Personal Claim,13579_194,HSB_Lifeclaim_13579,5000,Quarterly,1/1/2007,12/27/2029,4/1/2010,4/11/2010,United States,West,Utah,Lehi,84043,500000,60000
2647,Professor Teresa Bishop,Corporate,Single,Female,12/7/1990,12/31/2007,,98765,Auto,Related to 4 wheelers or 3 wheelers or 2 wheelers Claims,98765_2647,HSB_Auto_98765,2000,Monthly,12/31/2007,12/27/2030,1/31/2011,,United States Of America,West,California,Bakersfield,93309,200000,72000
2610,Professor Tommy Lutz,Corporate,Single,Female,2/5/1995,1/1/2012,,13579,Mediclaim,Related to Life or Personal Claim,13579_2610,HSB_Lifeclaim_13579,5000,Quarterly,1/1/2012,12/27/2034,4/1/2015,4/11/2015,US,West,California,Davis,95616,500000,60000
3048,Professor Tracy G Starr,Corporate,Single,Female,12/7/1987,12/31/2004,,98765,Auto,Related to 4 wheelers or 3 wheelers or 2 wheelers Claims,98765_3048,HSB_Auto_98765,2000,Monthly,12/31/2004,12/27/2027,1/31/2008,,United States,West,California,Berkeley,94704,200000,72000
919,Professor Tracy Livingston,Consumer,Single,Female,2/5/1989,1/1/2006,,13579,Mediclaim,Related to Life or Personal Claim,13579_919,HSB_Lifeclaim_13579,5000,Quarterly,1/1/2006,12/27/2028,4/1/2009,4/11/2009,United States Of America,West,California,Redding,96003,500000,60000
2094,Professor Vernon Hirsch Singleton,Corporate,Single,Female,12/7/1995,12/31/2012,,98765,Auto,Related to 4 wheelers or 3 wheelers or 2 wheelers Claims,98765_2094,HSB_Auto_98765,2000,Monthly,12/31/2012,12/27/2035,1/31/2016,,US,West,California,Chico,95928,200000,72000
1469,Professor Vicki Zhu Daniels,Small Business,Single,Female,12/7/1990,12/31/2007,,98765,Auto,Related to 4 wheelers or 3 wheelers or 2 wheelers Claims,98765_1469,HSB_Auto_98765,2000,Monthly,12/31/2007,12/27/2030,1/31/2011,,U.S.A,West,Utah,Clearfield,84015,200000,72000
1261,Professor Vickie Gonzalez,Home Office,Single,Female,2/5/1996,12/29/2015,,2468,Mortgages,"Related to Ornaments, Property Claim",02468_1261,HSB_Jewel_02468,60000,Half Yearly,12/29/2015,12/27/2035,6/29/2016,7/19/2016,U.S.A,West,Colorado,Broomfield,80020,400000,60000
555,Professor Walter Young,Corporate,Single,Female,12/7/1993,12/31/2010,,98765,Auto,Related to 4 wheelers or 3 wheelers or 2 wheelers Claims,98765_555,HSB_Auto_98765,2000,Monthly,12/31/2010,12/27/2033,1/31/2014,,US,West,Utah,Pleasant Grove,84062,200000,72000
