Customer ID,Customer Name,Customer_Segment,Maritial_Status,Gender,DOB,Effective_Start_Dt,Effective_End_Dt,Policy_Type_Id,Policy_Type,Policy_Type_Desc,Policy_Id,Policy_Name,Premium_Amt,Policy_Term,Policy_Start_Dt,Policy_End_Dt,Next_Premium_Dt,Actual_Premium_Paid_Dt,Country,Region,State or Province,City,Postal Code,Total_Policy_Amt,Premium_Amt_Paid_TillDate
522,Mr. AARON Riggs,Small Business,Married,Male,2/5/1997,1/1/2008,,19182,WholeLife,Remain in force for the insured's entire lifetime,19182_697,HSB_WholeLife_22468,60000,Half Yearly,6/29/2011,1/1/2112,6/29/2012,9/29/2012,US,West,Idaho,Boise,83704,400000,120000
3388,Mr. Aaron SHAFFER,Corporate,Divorced,Male,2/5/1997,1/1/2011,,19185,ChildPlan,Insurance cum investment plan to secure child's future,19185_3106,HSB_ChildPlan_19185,5000,Quarterly,1/1/2012,12/27/2035,4/1/2015,7/1/2015,U.S.A,West,Colorado,Grand Junction,81503,500000,60000
1315,Mr. aDAM Saunders Gray,Home Office,Remarried,Male,2/5/1993,1/1/2008,,19186,UnitLinked,Market-linked product that aggregates the very best of investment and insurance,19186_597,HSB_UnitLinked_19186,5000,Quarterly,12/31/2008,12/27/2037,3/31/2012,12/31/2012,United States,West,Colorado,Grand Junction,81503,500000,60000
1155,Mr. AlEX NicholSON,Consumer,Married,Male,2/5/1997,1/1/2010,,19187,AnnuityPlan,Income stream for retirees,19187_2108,HSB_AnnuityPlan_19187,5000,Quarterly,1/1/2011,12/27/2037,4/1/2014,12/1/2014,United States Of America,West,Washington,Parkland,98444,500000,60000
1234,Mr. Zeelan Shaik,Consumer,Married,Male,2/5/1997,1/31/2013,,19187,AnnuityPlan,Income stream for retirees,19187_2108,HSB_AnnuityPlan_19187,5000,Quarterly,1/1/2011,12/27/2037,4/1/2014,12/1/2014,United States Of America,West,Washington,Parkland,98444,500000,60000
