Customer ID,Customer Name,Customer_Segment,Maritial_Status,Gender,DOB,Effective_Start_Dt,Effective_End_Dt,Policy_Type_Id,Policy_Type,Policy_Type_Desc,Policy_Id,Policy_Name,Premium_Amt,Policy_Term,Policy_Start_Dt,Policy_End_Dt,Next_Premium_Dt,Actual_Premium_Paid_Dt,Country,Region,State or Province,City,Postal Code,Total_Policy_Amt,Premium_Amt_Paid_TillDate
940,Mr. ALBERT Maxwell,Home Office,Married,Male,12/9/1992,12/31/2007,,19182,WholeLife,Remain in force for the insured's entire lifetime,19182_697,HSB_WholeLife_22468,60000,Half Yearly,3/31/2012,1/1/2112,3/31/2013,9/25/2013,US,East,Ohio,Lorain,44052,400000,120000
1603,Mr. AleX WatkinS,Small Business,Divorced,Male,2/5/1997,6/30/2011,,19183,Endowment,Pay a lump sum on its maturity or on death.,19183_674,HSB_Endowment_19183,5000,Quarterly,3/30/2011,1/1/2112,6/30/2014,12/31/2014,USA,East,New York,New York City,10004,500000,60000
2506,Mr. AlfRed HarMON,Home Office,Remarried,Male,2/5/1998,12/31/2010,,19185,ChildPlan,Insurance cum investment plan to secure child's future,19185_3106,HSB_ChildPlan_19185,5000,Quarterly,12/31/2012,12/27/2035,3/31/2016,9/25/2016,U.S,East,Ohio,Lorain,44052,500000,60000
605,Mr. Alison Peters Wooten,Corporate,Married,Male,12/7/1997,12/30/2008,,19187,AnnuityPlan,Income stream for retirees,19187_2108,HSB_AnnuityPlan_19187,5000,Quarterly,12/30/2010,12/27/2037,3/30/2014,9/24/2014,United States,East,Pennsylvania,Philadelphia,19112,500000,60000
3137,Mr. Alison Sharp,Corporate,Married,Male,2/5/1998,12/31/2009,,19181,TermLife,Coverage for a certain period of time,19181_1354,HSB_Termclaim_23579,5000,Quarterly,12/31/2010,12/27/2036,3/31/2014,9/25/2014,United States Of America,East,Pennsylvania,Philadelphia,19112,500000,60000
9999,Mr Debadatta Mohanty,Corporate,Married,Male,10/1/1981,1/31/2011,,99999,TermLife,Coverage for a certain period of time,99999_1354,HSB_Termclaim_99999,5000,Quarterly,12/31/2010,12/27/2036,3/31/2014,9/25/2014,United States,East,Pennsylvania,Philadelphia,19112,500000,60000
437,Mrs. Alice Berger McIntyre,Small Business,Married,Female,2/5/1998,12/31/2007,,19186,UnitLinked,Market-linked product that aggregates the very best of investment and insurance,19186_597,HSB_UnitLinked_19186,5000,Quarterly,12/31/2009,12/27/2037,3/31/2013,9/25/2013,U.S.A,East,New York,New York City,10004,500000,60000
