Customer ID,Customer Name,Customer_Segment,Maritial_Status,Gender,DOB,Effective_Start_Dt,Effective_End_Dt,Policy_Type_Id,Policy_Type,Policy_Type_Desc,Policy_Id,Policy_Name,Premium_Amt,Policy_Term,Policy_Start_Dt,Policy_End_Dt,Next_Premium_Dt,Actual_Premium_Paid_Dt,Country,Region,State or Province,City,Postal Code,Total_Policy_Amt,Premium_Amt_Paid_TillDate
1907,Doctor. Amy Hall,Corporate,Married,Female,2/6/1998,4/1/2012,,13579,Mediclaim,Related to Life or Personal Claim,13579_1907,HSB_Lifeclaim_13579,5000,Quarterly,4/1/2012,12/28/2037,7/1/2015,1/1/2016,US,East,Ohio,Lorain,44052,500000,60000
2618,Doctor. Amy Hamrick Melvin,Corporate,Married,Female,2/5/1996,12/31/2007,,13579,Mediclaim,Related to Life or Personal Claim,13579_2618,HSB_Lifeclaim_13579,5000,Quarterly,12/31/2007,12/27/2035,3/31/2011,9/25/2011,US,East,New York,New York City,10004,500000,60000
460,Doctor. Anne Armstrong,Home Office,Married,Female,2/6/1991,1/2/2008,,13579,Mediclaim,Related to Life or Personal Claim,13579_460,HSB_Lifeclaim_13579,5000,Quarterly,1/2/2008,12/28/2030,4/2/2011,9/27/2011,U.S,East,New Jersey,Millville,8332,500000,60000
3012,Doctor. Annie Livingston,Corporate,Married,Female,2/5/1991,12/31/2009,,13579,Mediclaim,Related to Life or Personal Claim,13579_3012,HSB_Lifeclaim_13579,5000,Quarterly,12/31/2009,12/27/2030,3/31/2013,9/25/2013,US,East,New York,Rochester,14609,500000,60000
331,Doctor. Bradley Pollock,Home Office,Single,Male,2/9/1992,1/1/2009,,2468,Mortgages,"Related to Ornaments, Property Claim",02468_331,HSB_Jewel_02468,60000,Half Yearly,1/1/2009,12/31/2031,7/1/2009,1/1/2010,United States,East,New Hampshire,Goffstown,3045,400000,60000
2162,Doctor. Brenda Jain,Corporate,Single,Male,2/5/1990,10/1/2008,,2468,Mortgages,"Related to Ornaments, Property Claim",02468_2162,HSB_Jewel_02468,60000,Half Yearly,10/1/2008,12/27/2029,3/31/2009,9/25/2009,U.S,East,Pennsylvania,Sharon,16146,400000,60000
142,Doctor. Brooke Weeks Taylor,Small Business,Single,Male,2/6/1990,12/31/2005,,13579,Mediclaim,Related to Life or Personal Claim,13579_142,HSB_Lifeclaim_13579,5000,Quarterly,12/31/2005,12/28/2029,3/31/2009,9/25/2009,US,East,Connecticut,Ansonia,6401,500000,60000
398,Doctor. Bruce Stark,Corporate,Single,Male,12/9/1989,6/1/2007,,98765,Auto,Related to 4 wheelers or 3 wheelers or 2 wheelers Claims,98765_398,HSB_Auto_98765,2000,Monthly,6/1/2007,12/29/2029,7/1/2010,1/1/2011,United States,East,Ohio,Dayton,45406,200000,72000
929,Doctor. Calvin Conway,Small Business,Single,Male,12/8/1990,3/3/2007,,98765,Auto,Related to 4 wheelers or 3 wheelers or 2 wheelers Claims,98765_929,HSB_Auto_98765,2000,Monthly,3/3/2007,12/28/2030,4/3/2010,9/28/2010,United States,East,New Jersey,Old Bridge,8857,200000,72000
2797,Doctor. Cameron Kendall,Corporate,Divorced,Male,2/5/1990,4/1/2007,,13579,Mediclaim,Related to Life or Personal Claim,13579_2797,HSB_Lifeclaim_13579,5000,Quarterly,4/1/2007,12/27/2029,7/1/2010,1/1/2011,United States,East,Pennsylvania,Pittsburgh,15122,500000,60000
3386,Doctor. Carmen Elmore,Corporate,Divorced,Male,12/7/1989,3/3/2007,,98765,Auto,Related to 4 wheelers or 3 wheelers or 2 wheelers Claims,98765_3386,HSB_Auto_98765,2000,Monthly,3/3/2007,12/27/2029,3/31/2010,9/25/2010,U.S,East,Ohio,Bowling Green,43402,200000,72000
1595,Doctor. Chad Henson,Corporate,Single,Male,2/5/1991,11/1/2006,,13579,Mediclaim,Related to Life or Personal Claim,13579_1595,HSB_Lifeclaim_13579,5000,Quarterly,11/1/2006,12/27/2030,2/1/2010,3/1/2010,United States,East,West Virginia,Huntington,25705,500000,60000
3306,Doctor. Claire Warren,Small Business,Divorced,Female,2/7/1990,1/1/2007,,13579,Mediclaim,Related to Life or Personal Claim,13579_3306,HSB_Lifeclaim_13579,5000,Quarterly,1/1/2007,12/29/2029,4/1/2010,9/26/2010,U.S,East,Connecticut,New London,6320,500000,60000
1840,Doctor. Clifford Webb,Home Office,Single,Female,2/7/1991,12/31/2005,,13579,Mediclaim,Related to Life or Personal Claim,13579_1840,HSB_Lifeclaim_13579,5000,Quarterly,12/31/2005,12/29/2030,3/31/2009,9/25/2009,United States,East,Massachusetts,Townsend,1469,500000,60000
1471,Doctor. Danielle Daniel,Home Office,Single,Male,2/6/1990,12/31/2005,,13579,Mediclaim,Related to Life or Personal Claim,13579_1471,HSB_Lifeclaim_13579,5000,Quarterly,12/31/2005,12/28/2029,3/31/2009,9/25/2009,U.S,East,Ohio,Westerville,43081,500000,60000
3139,Doctor. David Powell,Home Office,Widowed,Male,12/10/1989,3/1/2007,,98765,Auto,Related to 4 wheelers or 3 wheelers or 2 wheelers Claims,98765_3139,HSB_Auto_98765,2000,Monthly,3/1/2007,12/30/2029,4/1/2010,9/26/2010,US,East,New Jersey,Cranford,7016,200000,72000
2276,Doctor. Dennis Block Richardson,Consumer,Single,Male,2/11/1990,8/2/2009,,2468,Mortgages,"Related to Ornaments, Property Claim",02468_2276,HSB_Jewel_02468,60000,Half Yearly,8/2/2009,1/2/2030,2/2/2010,3/2/2010,U.S,East,New York,Niagara Falls,14304,400000,60000
1709,Doctor. Dennis Bowen,Small Business,Single,Male,2/5/1990,12/31/2005,,13579,Mediclaim,Related to Life or Personal Claim,13579_1709,HSB_Lifeclaim_13579,5000,Quarterly,12/31/2005,12/27/2029,3/31/2009,9/25/2009,U.S,East,Pennsylvania,Pottstown,19464,500000,60000
1156,Doctor. Edith Forbes,Consumer,Single,Male,2/5/1991,10/1/2008,,2468,Mortgages,"Related to Ornaments, Property Claim",02468_1156,HSB_Jewel_02468,60000,Half Yearly,10/1/2008,12/27/2030,3/31/2009,9/25/2009,U.S,East,Massachusetts,Tewksbury,1876,400000,60000
1227,Doctor. Elsie Hwang,Small Business,Single,Male,12/7/1988,6/3/2008,,98765,Auto,Related to 4 wheelers or 3 wheelers or 2 wheelers Claims,98765_1227,HSB_Auto_98765,2000,Monthly,6/3/2008,12/27/2028,7/3/2011,1/3/2012,U.S,East,Vermont,South Burlington,5403,200000,72000
2020,Doctor. Erika Jordan,Home Office,Single,Male,12/7/1989,12/31/2006,,98765,Auto,Related to 4 wheelers or 3 wheelers or 2 wheelers Claims,98765_2020,HSB_Auto_98765,2000,Monthly,12/31/2006,12/27/2029,1/31/2010,2/28/2010,United States,East,Pennsylvania,Plum,15239,200000,72000
1680,Doctor. Esther Whitaker,Consumer,Single,Male,12/7/1991,6/1/2010,,98765,Auto,Related to 4 wheelers or 3 wheelers or 2 wheelers Claims,98765_1680,HSB_Auto_98765,2000,Monthly,6/1/2010,12/27/2031,7/1/2013,1/1/2014,United States,East,Ohio,Fairfield,45014,200000,72000
2760,Doctor. Evan Adkins,Corporate,Single,Male,2/5/1990,12/31/2009,,13579,Mediclaim,Related to Life or Personal Claim,13579_2760,HSB_Lifeclaim_13579,5000,Quarterly,12/31/2009,12/27/2029,3/31/2013,9/25/2013,US,East,Connecticut,Waterbury,6708,500000,60000
2351,Doctor. Faye Silver,Corporate,Single,Male,2/5/1993,12/31/2005,,13579,Mediclaim,Related to Life or Personal Claim,13579_2351,HSB_Lifeclaim_13579,5000,Quarterly,12/31/2005,12/27/2032,3/31/2009,9/25/2009,US,East,Maryland,Crofton,21114,500000,60000
1202,Doctor. Faye Wolf,Consumer,Single,Male,2/5/1989,10/31/2006,,13579,Mediclaim,Related to Life or Personal Claim,13579_1202,HSB_Lifeclaim_13579,5000,Quarterly,10/31/2006,12/27/2028,1/31/2010,2/28/2010,United States,East,New Jersey,South Orange,7079,500000,60000
210,Doctor. Floyd Dale,Home Office,Single,Male,2/5/1994,12/31/2005,,13579,Mediclaim,Related to Life or Personal Claim,13579_210,HSB_Lifeclaim_13579,5000,Quarterly,12/31/2005,12/27/2033,3/31/2009,9/25/2009,United States,East,New York,Troy,12180,500000,60000
2963,Doctor. Frances Johnson,Consumer,Married,Male,2/5/1989,12/31/2007,,13579,Mediclaim,Related to Life or Personal Claim,13579_2963,HSB_Lifeclaim_13579,5000,Quarterly,12/31/2007,12/27/2028,3/31/2011,9/25/2011,U.S,East,Maryland,Middle River,21220,500000,60000
975,Doctor. Francis Evans,Corporate,Single,Male,2/5/1992,10/31/2009,,13579,Mediclaim,Related to Life or Personal Claim,13579_975,HSB_Lifeclaim_13579,5000,Quarterly,10/31/2009,12/27/2031,1/31/2013,2/28/2013,U.S,East,Massachusetts,Boston,2108,500000,60000
2196,Doctor. Gene Heath Cross,Small Business,Single,Male,2/5/1993,10/31/2007,,13579,Mediclaim,Related to Life or Personal Claim,13579_2196,HSB_Lifeclaim_13579,5000,Quarterly,10/31/2007,12/27/2032,1/31/2011,2/28/2011,US,East,New York,Jamestown,14701,500000,60000
2382,Doctor. Geoffrey Saunders,Small Business,Single,Male,2/5/1993,4/1/2011,,13579,Mediclaim,Related to Life or Personal Claim,13579_2382,HSB_Lifeclaim_13579,5000,Quarterly,4/1/2011,12/27/2032,7/1/2014,1/1/2015,United States,East,New York,New York City,10024,500000,60000
1497,Doctor. Gloria Jacobs,Corporate,Single,Male,2/5/1990,3/30/2009,,13579,Mediclaim,Related to Life or Personal Claim,13579_1497,HSB_Lifeclaim_13579,5000,Quarterly,3/30/2009,12/27/2029,6/30/2012,12/31/2012,US,East,New York,Elmira,14901,500000,60000
663,Doctor. Hilda Bennett,Home Office,Single,Male,12/7/1992,3/3/2007,,98765,Auto,Related to 4 wheelers or 3 wheelers or 2 wheelers Claims,98765_663,HSB_Auto_98765,2000,Monthly,3/3/2007,12/27/2032,3/31/2010,9/25/2010,U.S,East,Ohio,Steubenville,43952,200000,72000
3311,Doctor. Jackie Flynn,Small Business,Married,Male,2/5/1992,12/31/2005,,13579,Mediclaim,Related to Life or Personal Claim,13579_3311,HSB_Lifeclaim_13579,5000,Quarterly,12/31/2005,12/27/2031,3/31/2009,9/25/2009,US,East,Massachusetts,Winchester,1890,500000,60000
1885,Doctor. Jacob Hirsch,Home Office,Single,Male,2/5/1992,10/1/2009,,2468,Mortgages,"Related to Ornaments, Property Claim",02468_1885,HSB_Jewel_02468,60000,Half Yearly,10/1/2009,12/27/2031,3/31/2010,9/25/2010,U.S,East,Rhode Island,Barrington,2806,400000,60000
855,Doctor. Jacob Lanier,Corporate,Single,Male,2/5/1993,12/31/2007,,13579,Mediclaim,Related to Life or Personal Claim,13579_855,HSB_Lifeclaim_13579,5000,Quarterly,12/31/2007,12/27/2032,3/31/2011,9/25/2011,U.S,East,Connecticut,Danbury,6810,500000,60000
2507,Doctor. Jeanette Davies,Home Office,Single,Male,2/5/1991,12/30/2011,,2468,Mortgages,"Related to Ornaments, Property Claim",02468_2507,HSB_Jewel_02468,60000,Half Yearly,12/30/2011,12/27/2030,6/30/2012,12/31/2012,U.S,East,Maine,Bangor,4401,400000,60000
1380,Doctor. Jeanne Walker,Home Office,Single,Male,2/5/1989,12/31/2009,,13579,Mediclaim,Related to Life or Personal Claim,13579_1380,HSB_Lifeclaim_13579,5000,Quarterly,12/31/2009,12/27/2028,3/31/2013,9/25/2013,United States,East,New Hampshire,Portsmouth,3801,500000,60000
899,Doctor. Jordan Berry,Small Business,Single,Female,2/5/1992,3/30/2009,,13579,Mediclaim,Related to Life or Personal Claim,13579_899,HSB_Lifeclaim_13579,5000,Quarterly,3/30/2009,12/27/2031,6/30/2012,12/31/2012,US,East,Pennsylvania,Altoona,16602,500000,60000
351,Doctor. Juanita Coley Knox,Home Office,Single,Female,12/7/1990,3/3/2007,,98765,Auto,Related to 4 wheelers or 3 wheelers or 2 wheelers Claims,98765_351,HSB_Auto_98765,2000,Monthly,3/3/2007,12/27/2030,3/31/2010,9/25/2010,U.S,East,New York,Watertown,13601,200000,72000
731,Doctor. June Herbert,Consumer,Single,Female,2/5/1993,12/31/2006,,13579,Mediclaim,Related to Life or Personal Claim,13579_731,HSB_Lifeclaim_13579,5000,Quarterly,12/31/2006,12/27/2032,3/31/2010,9/25/2010,US,East,Massachusetts,Burlington,1803,500000,60000
3078,Doctor. Kate McKenna,Small Business,Single,Female,2/5/1992,12/31/2007,,13579,Mediclaim,Related to Life or Personal Claim,13579_3078,HSB_Lifeclaim_13579,5000,Quarterly,12/31/2007,12/27/2031,3/31/2011,9/25/2011,United States,East,Ohio,Toledo,43615,500000,60000
1607,Doctor. Kathleen Huang Hall,Home Office,Single,Female,2/5/1989,12/31/2009,,13579,Mediclaim,Related to Life or Personal Claim,13579_1607,HSB_Lifeclaim_13579,5000,Quarterly,12/31/2009,12/27/2028,3/31/2013,9/25/2013,U.S,East,New York,Freeport,11520,500000,60000
1009,Doctor. Kristin George,Corporate,Single,Female,12/7/1996,3/3/2010,,98765,Auto,Related to 4 wheelers or 3 wheelers or 2 wheelers Claims,98765_1009,HSB_Auto_98765,2000,Monthly,3/3/2010,12/27/2036,3/31/2013,9/25/2013,United States,East,Maine,Saco,4072,200000,72000
2938,Doctor. Laurie Case Daniel,Small Business,Single,Female,2/5/1994,12/31/2011,,13579,Mediclaim,Related to Life or Personal Claim,13579_2938,HSB_Lifeclaim_13579,5000,Quarterly,12/31/2011,12/27/2033,3/31/2015,9/25/2015,United States,East,Massachusetts,Stoneham,2180,500000,60000
2516,Doctor. Leo E Underwood,Home Office,Single,Female,2/5/1997,12/31/2007,,13579,Mediclaim,Related to Life or Personal Claim,13579_2516,HSB_Lifeclaim_13579,5000,Quarterly,12/31/2007,12/27/2036,3/31/2011,9/25/2011,US,East,New Jersey,Englewood,7631,500000,60000
3098,Doctor. Lorraine Boykin,Consumer,Single,Female,2/5/1995,12/31/2011,,13579,Mediclaim,Related to Life or Personal Claim,13579_3098,HSB_Lifeclaim_13579,5000,Quarterly,12/31/2011,12/27/2034,3/31/2015,9/25/2015,U.S,East,New York,Shirley,11967,500000,60000
1193,Doctor. Louis Parrish,Small Business,Single,Female,2/5/1992,12/31/2002,,13579,Mediclaim,Related to Life or Personal Claim,13579_1193,HSB_Lifeclaim_13579,5000,Quarterly,12/31/2002,12/27/2031,3/31/2006,9/25/2006,US,East,District of Columbia,Washington,20016,500000,60000
2923,Doctor. Lynne Griffith,Consumer,Single,Female,2/5/1986,12/31/2011,,13579,Mediclaim,Related to Life or Personal Claim,13579_2923,HSB_Lifeclaim_13579,5000,Quarterly,12/31/2011,12/27/2025,3/31/2015,9/25/2015,US,East,Maryland,Hagerstown,21740,500000,60000
2601,Doctor. Malcolm French,Corporate,Single,Female,2/5/1990,3/30/2009,,13579,Mediclaim,Related to Life or Personal Claim,13579_2601,HSB_Lifeclaim_13579,5000,Quarterly,3/30/2009,12/27/2029,6/30/2012,12/31/2012,U.S,East,New Hampshire,Merrimack,3054,500000,60000
1028,Doctor. Marguerite Rodgers,Small Business,Single,Female,2/5/1992,1/1/2015,,2468,Mortgages,"Related to Ornaments, Property Claim",02468_1028,HSB_Jewel_02468,60000,Half Yearly,1/1/2015,12/27/2031,7/1/2015,1/1/2016,U.S,East,New York,Commack,11725,400000,60000
1340,Doctor. Marie Bass,Home Office,Single,Female,2/5/1994,3/30/2009,,13579,Mediclaim,Related to Life or Personal Claim,13579_1340,HSB_Lifeclaim_13579,5000,Quarterly,3/30/2009,12/27/2033,6/30/2012,12/31/2012,US,East,New York,New York City,10170,500000,60000
469,Doctor. Marion Bowling,Small Business,Single,Female,12/7/1995,6/1/2010,,98765,Auto,Related to 4 wheelers or 3 wheelers or 2 wheelers Claims,98765_469,HSB_Auto_98765,2000,Monthly,6/1/2010,12/27/2035,7/1/2013,1/1/2014,US,East,New Jersey,Hawthorne,7506,200000,72000
579,Doctor. Marlene Abrams,Corporate,Single,Female,2/5/1994,12/31/2006,,13579,Mediclaim,Related to Life or Personal Claim,13579_579,HSB_Lifeclaim_13579,5000,Quarterly,12/31/2006,12/27/2033,3/31/2010,9/25/2010,U.S,East,Connecticut,Seymour,6478,500000,60000
2549,Doctor. Martha Bowers,Small Business,Single,Female,2/5/1999,12/31/2007,,13579,Mediclaim,Related to Life or Personal Claim,13579_2549,HSB_Lifeclaim_13579,5000,Quarterly,12/31/2007,12/27/2038,3/31/2011,9/25/2011,United States,East,Ohio,Whitehall,43213,500000,60000
1639,Doctor. Marvin Rollins,Home Office,Single,Female,2/5/1994,12/30/2008,,13579,Mediclaim,Related to Life or Personal Claim,13579_1639,HSB_Lifeclaim_13579,5000,Quarterly,12/30/2008,12/27/2033,3/30/2012,9/24/2012,US,East,Connecticut,Stamford,6901,500000,60000
1733,Doctor. Nina Horne Kelly,Small Business,Single,Female,2/5/1996,10/31/2009,,13579,Mediclaim,Related to Life or Personal Claim,13579_1733,HSB_Lifeclaim_13579,5000,Quarterly,10/31/2009,12/27/2035,1/31/2013,2/28/2013,US,East,District of Columbia,Washington,20012,500000,60000
2667,Doctor. Pat Baker,Home Office,Single,Female,2/5/1997,12/31/2010,,13579,Mediclaim,Related to Life or Personal Claim,13579_2667,HSB_Lifeclaim_13579,5000,Quarterly,12/31/2010,12/27/2036,3/31/2014,9/25/2014,United States,East,Ohio,Lakewood,44107,500000,60000
3251,Doctor. Peter Brooks,Corporate,Single,Female,2/5/1996,10/31/2010,,13579,Mediclaim,Related to Life or Personal Claim,13579_3251,HSB_Lifeclaim_13579,5000,Quarterly,10/31/2010,12/27/2035,1/31/2014,2/28/2014,United States,East,New York,New York City,10112,500000,60000
997,Doctor. Phillip Pollard,Small Business,Single,Female,2/5/1992,12/30/2004,,13579,Mediclaim,Related to Life or Personal Claim,13579_997,HSB_Lifeclaim_13579,5000,Quarterly,12/30/2004,12/27/2031,3/30/2008,9/24/2008,US,East,New Jersey,Bayonne,7002,500000,60000
3367,Doctor. Renee McKenzie,Home Office,Single,Female,2/5/1997,12/31/2007,,13579,Mediclaim,Related to Life or Personal Claim,13579_3367,HSB_Lifeclaim_13579,5000,Quarterly,12/31/2007,12/27/2036,3/31/2011,9/25/2011,United States,East,Ohio,Upper Arlington,43221,500000,60000
371,Doctor. Roberta Mullins Peters,Corporate,Single,Female,2/5/1998,12/30/2012,,13579,Mediclaim,Related to Life or Personal Claim,13579_371,HSB_Lifeclaim_13579,5000,Quarterly,12/30/2012,12/27/2037,3/30/2016,9/24/2016,US,East,Massachusetts,Everett,2149,500000,60000
275,Doctor. Roger Blalock Cassidy,Corporate,Single,Female,2/5/1993,12/31/2007,,13579,Mediclaim,Related to Life or Personal Claim,13579_275,HSB_Lifeclaim_13579,5000,Quarterly,12/31/2007,12/27/2032,3/31/2011,9/25/2011,U.S,East,Connecticut,Fairfield,6824,500000,60000
488,Doctor. Ronnie Creech,Corporate,Single,Female,2/5/1988,12/30/2008,,13579,Mediclaim,Related to Life or Personal Claim,13579_488,HSB_Lifeclaim_13579,5000,Quarterly,12/30/2008,12/27/2027,3/30/2012,9/24/2012,United States,East,Maine,South Portland,4106,500000,60000
741,Doctor. Stacey Hale,Consumer,Single,Female,2/5/1991,10/1/2005,,2468,Mortgages,"Related to Ornaments, Property Claim",02468_741,HSB_Jewel_02468,60000,Half Yearly,10/1/2005,12/27/2030,3/31/2006,9/25/2006,United States,East,New Jersey,Summit,7901,400000,60000
2212,Doctor. Stacy Chang,Home Office,Single,Female,2/5/1996,10/1/2012,,2468,Mortgages,"Related to Ornaments, Property Claim",02468_2212,HSB_Jewel_02468,60000,Half Yearly,10/1/2012,12/27/2035,3/31/2013,9/25/2013,United States,East,Maryland,Catonsville,21228,400000,60000
2709,Doctor. Stanley Steele,Consumer,Single,Female,12/7/1986,3/2/2012,,98765,Auto,Related to 4 wheelers or 3 wheelers or 2 wheelers Claims,98765_2709,HSB_Auto_98765,2000,Monthly,3/2/2012,12/27/2026,3/31/2015,9/25/2015,U.S,East,Maryland,Ellicott City,21042,200000,72000
2883,Doctor. Stuart Sharma,Consumer,Single,Female,2/5/1988,12/30/2012,,13579,Mediclaim,Related to Life or Personal Claim,13579_2883,HSB_Lifeclaim_13579,5000,Quarterly,12/30/2012,12/27/2027,3/30/2016,9/24/2016,U.S,East,Ohio,North Olmsted,44070,500000,60000
624,Doctor. Terry Klein,Home Office,Single,Female,2/5/1996,10/1/2008,,2468,Mortgages,"Related to Ornaments, Property Claim",02468_624,HSB_Jewel_02468,60000,Half Yearly,10/1/2008,12/27/2035,3/31/2009,9/25/2009,United States,East,Vermont,Rutland,5701,400000,60000
306,Doctor. Thomas McAllister,Small Business,Single,Female,2/5/1994,10/1/2013,,2468,Mortgages,"Related to Ornaments, Property Claim",02468_306,HSB_Jewel_02468,60000,Half Yearly,10/1/2013,12/27/2033,3/31/2014,9/25/2014,US,East,Maryland,Pikesville,21208,400000,60000
1104,Doctor. Timothy Ross,Home Office,Single,Female,2/5/1993,12/30/2008,,13579,Mediclaim,Related to Life or Personal Claim,13579_1104,HSB_Lifeclaim_13579,5000,Quarterly,12/30/2008,12/27/2032,3/30/2012,9/24/2012,United States,East,New York,New York City,10282,500000,60000
600,Doctor. Vickie Morse,Corporate,Single,Female,2/5/1998,12/30/2008,,13579,Mediclaim,Related to Life or Personal Claim,13579_600,HSB_Lifeclaim_13579,5000,Quarterly,12/30/2008,12/27/2037,3/30/2012,9/24/2012,US,East,Maryland,Reisterstown,21136,500000,60000
1062,Doctor. Willie Robinson,Small Business,Single,Female,12/7/1988,6/1/2010,,98765,Auto,Related to 4 wheelers or 3 wheelers or 2 wheelers Claims,98765_1062,HSB_Auto_98765,2000,Monthly,6/1/2010,12/27/2028,7/1/2013,1/1/2014,US,East,New York,Coram,11727,200000,72000
3079,Dr. Andrew Levine,Small Business,Married,Male,2/5/1995,10/31/2005,,13579,Mediclaim,Related to Life or Personal Claim,13579_3079,HSB_Lifeclaim_13579,5000,Quarterly,10/31/2005,12/27/2034,1/31/2009,2/28/2009,United States Of America,East,Pennsylvania,Philadelphia,19112,500000,60000
211,Dr. Anna Wood,Home Office,Married,Female,2/5/1991,4/2/2008,,13579,Mediclaim,Related to Life or Personal Claim,13579_211,HSB_Lifeclaim_13579,5000,Quarterly,4/2/2008,12/27/2030,7/2/2011,1/2/2012,United States Of America,East,New York,Utica,13501,500000,60000
1159,Dr. Arlene Weeks,Consumer,Married,Male,12/8/1991,1/2/2008,,98765,Auto,Related to 4 wheelers or 3 wheelers or 2 wheelers Claims,98765_1159,HSB_Auto_98765,2000,Monthly,1/2/2008,12/28/2031,2/2/2011,3/2/2011,U.S.A,East,New Jersey,Union City,7086,200000,72000
2764,Dr. Arnold Johnson,Corporate,Married,Male,2/8/1993,12/30/2008,,13579,Mediclaim,Related to Life or Personal Claim,13579_2764,HSB_Lifeclaim_13579,5000,Quarterly,12/30/2008,12/30/2032,3/30/2012,9/24/2012,USA,East,New Jersey,Hackensack,7601,500000,60000
858,Dr. Arthur Brady,Corporate,Married,Male,2/9/1993,7/31/2008,,2468,Mortgages,"Related to Ornaments, Property Claim",02468_858,HSB_Jewel_02468,60000,Half Yearly,7/31/2008,12/31/2032,1/31/2009,2/28/2009,U.S.A,East,Maine,Lewiston,4240,400000,60000
315,Dr. Benjamin Kaufman,Corporate,Single,Male,2/6/1994,1/1/2011,,2468,Mortgages,"Related to Ornaments, Property Claim",02468_315,HSB_Jewel_02468,60000,Half Yearly,1/1/2011,12/28/2033,7/1/2011,1/1/2012,USA,East,Massachusetts,Belchertown,1007,400000,60000
3314,Dr. Billy Hale,Small Business,Single,Female,12/9/1989,12/31/2005,,98765,Auto,Related to 4 wheelers or 3 wheelers or 2 wheelers Claims,98765_3314,HSB_Auto_98765,2000,Monthly,12/31/2005,12/29/2029,1/31/2009,2/28/2009,USA,East,New Jersey,Fort Lee,7024,200000,72000
339,Dr. Bobby Clements,Corporate,Single,Male,12/7/1989,3/3/2007,,98765,Auto,Related to 4 wheelers or 3 wheelers or 2 wheelers Claims,98765_339,HSB_Auto_98765,2000,Monthly,3/3/2007,12/27/2029,3/31/2010,9/25/2010,United States Of America,East,Ohio,Columbus,43229,200000,72000
3067,Dr. Carole Miller,Consumer,Divorced,Male,12/9/1989,3/2/2008,,98765,Auto,Related to 4 wheelers or 3 wheelers or 2 wheelers Claims,98765_3067,HSB_Auto_98765,2000,Monthly,3/2/2008,12/29/2029,3/31/2011,9/25/2011,USA,East,Ohio,Austintown,44515,200000,72000
358,Dr. Chris F Brandt,Corporate,Single,Male,2/5/1989,1/1/2009,,2468,Mortgages,"Related to Ornaments, Property Claim",02468_358,HSB_Jewel_02468,60000,Half Yearly,1/1/2009,12/27/2028,7/1/2009,1/1/2010,U.S.A,East,Pennsylvania,King of Prussia,19406,400000,60000
2215,Dr. Christopher High,Corporate,Single,Female,2/11/1991,10/31/2005,,13579,Mediclaim,Related to Life or Personal Claim,13579_2215,HSB_Lifeclaim_13579,5000,Quarterly,10/31/2005,1/2/2031,1/31/2009,2/28/2009,United States Of America,East,Ohio,Massillon,44646,500000,60000
1734,Dr. Christopher Meadows,Small Business,Single,Female,2/5/1991,10/1/2008,,2468,Mortgages,"Related to Ornaments, Property Claim",02468_1734,HSB_Jewel_02468,60000,Half Yearly,10/1/2008,12/27/2030,3/31/2009,9/25/2009,USA,East,New York,Harrison,10528,400000,60000
2924,Dr. Courtney Nelson,Consumer,Divorced,Male,2/5/1990,10/31/2005,,13579,Mediclaim,Related to Life or Personal Claim,13579_2924,HSB_Lifeclaim_13579,5000,Quarterly,10/31/2005,12/27/2029,1/31/2009,2/28/2009,USA,East,Maryland,Laurel,20707,500000,60000
1341,Dr. Edward Bynum,Home Office,Single,Male,2/5/1991,12/31/2006,,13579,Mediclaim,Related to Life or Personal Claim,13579_1341,HSB_Lifeclaim_13579,5000,Quarterly,12/31/2006,12/27/2030,3/31/2010,9/25/2010,USA,East,Pennsylvania,Chambersburg,17201,500000,60000
3307,Dr. Edwin Blackburn,Small Business,Married,Male,2/5/1992,12/31/2005,,13579,Mediclaim,Related to Life or Personal Claim,13579_3307,HSB_Lifeclaim_13579,5000,Quarterly,12/31/2005,12/27/2031,3/31/2009,9/25/2009,U.S.A,East,Massachusetts,Agawam,1001,500000,60000
489,Dr. Eileen Cheek,Corporate,Single,Male,2/5/1991,1/1/2011,,2468,Mortgages,"Related to Ornaments, Property Claim",02468_489,HSB_Jewel_02468,60000,Half Yearly,1/1/2011,12/27/2030,7/1/2011,1/1/2012,United States Of America,East,Massachusetts,Norwood,2062,400000,60000
1854,Dr. Erika Morgan,Home Office,Single,Male,2/5/1991,1/1/2011,,2468,Mortgages,"Related to Ornaments, Property Claim",02468_1854,HSB_Jewel_02468,60000,Half Yearly,1/1/2011,12/27/2030,7/1/2011,1/1/2012,United States Of America,East,Connecticut,Seymour,6478,400000,60000
1646,Dr. Eugene Brewer Knox,Small Business,Single,Male,2/5/1993,12/31/2007,,13579,Mediclaim,Related to Life or Personal Claim,13579_1646,HSB_Lifeclaim_13579,5000,Quarterly,12/31/2007,12/27/2032,3/31/2011,9/25/2011,USA,East,New York,Bethpage,11714,500000,60000
3400,Dr. Florence Gold,Small Business,Married,Male,12/7/1989,6/1/2008,,98765,Auto,Related to 4 wheelers or 3 wheelers or 2 wheelers Claims,98765_3400,HSB_Auto_98765,2000,Monthly,6/1/2008,12/27/2029,7/1/2011,1/1/2012,U.S.A,East,West Virginia,Fairmont,26554,200000,72000
903,Dr. Francis Spivey,Consumer,Single,Male,2/5/1993,4/1/2011,,13579,Mediclaim,Related to Life or Personal Claim,13579_903,HSB_Lifeclaim_13579,5000,Quarterly,4/1/2011,12/27/2032,7/1/2014,1/1/2015,USA,East,Massachusetts,Wilmington,1887,500000,60000
1602,Dr. Frank Hess,Home Office,Single,Male,2/5/1990,12/31/2006,,13579,Mediclaim,Related to Life or Personal Claim,13579_1602,HSB_Lifeclaim_13579,5000,Quarterly,12/31/2006,12/27/2029,3/31/2010,9/25/2010,United States Of America,East,Maryland,Waldorf,20601,500000,60000
1023,Dr. Glen Newman,Small Business,Single,Male,2/5/1993,12/31/2009,,13579,Mediclaim,Related to Life or Personal Claim,13579_1023,HSB_Lifeclaim_13579,5000,Quarterly,12/31/2009,12/27/2032,3/31/2013,9/25/2013,United States Of America,East,Pennsylvania,Wilkinsburg,15221,500000,60000
1197,Dr. Grace McNeill Hunt,Small Business,Single,Male,12/7/1992,3/3/2006,,98765,Auto,Related to 4 wheelers or 3 wheelers or 2 wheelers Claims,98765_1197,HSB_Auto_98765,2000,Monthly,3/3/2006,12/27/2032,3/31/2009,9/25/2009,USA,East,Massachusetts,Sudbury,1776,200000,72000
1228,Dr. Hazel Jennings,Small Business,Single,Male,2/5/1993,12/30/2008,,13579,Mediclaim,Related to Life or Personal Claim,13579_1228,HSB_Lifeclaim_13579,5000,Quarterly,12/30/2008,12/27/2032,3/30/2012,9/24/2012,U.S.A,East,Pennsylvania,Philadelphia,19140,500000,60000
980,Dr. Howard Burnett,Corporate,Single,Male,2/5/1991,12/31/2007,,13579,Mediclaim,Related to Life or Personal Claim,13579_980,HSB_Lifeclaim_13579,5000,Quarterly,12/31/2007,12/27/2030,3/31/2011,9/25/2011,U.S.A,East,Vermont,South Burlington,5403,500000,60000
2391,Dr. Jacob McNeill,Corporate,Single,Male,2/5/1992,12/31/2005,,13579,Mediclaim,Related to Life or Personal Claim,13579_2391,HSB_Lifeclaim_13579,5000,Quarterly,12/31/2005,12/27/2031,3/31/2009,9/25/2009,United States Of America,East,New York,Oceanside,11572,500000,60000
772,Dr. Jean Webster,Small Business,Single,Male,2/5/1994,10/1/2009,,2468,Mortgages,"Related to Ornaments, Property Claim",02468_772,HSB_Jewel_02468,60000,Half Yearly,10/1/2009,12/27/2033,3/31/2010,9/25/2010,United States Of America,East,Pennsylvania,Allentown,18103,400000,60000
2551,Dr. Joan Bowers,Small Business,Single,Female,2/5/1993,9/30/2011,,2468,Mortgages,"Related to Ornaments, Property Claim",02468_2551,HSB_Jewel_02468,60000,Half Yearly,9/30/2011,12/27/2032,3/30/2012,9/24/2012,United States Of America,East,Pennsylvania,York,17403,400000,60000
1203,Dr. Judy Merritt,Small Business,Single,Female,2/5/1998,10/1/2012,,2468,Mortgages,"Related to Ornaments, Property Claim",02468_1203,HSB_Jewel_02468,60000,Half Yearly,10/1/2012,12/27/2037,3/31/2013,9/25/2013,United States Of America,East,Rhode Island,Cranston,2920,400000,60000
406,Dr. June Frank Hammond,Small Business,Single,Female,2/5/1992,10/31/2009,,13579,Mediclaim,Related to Life or Personal Claim,13579_406,HSB_Lifeclaim_13579,5000,Quarterly,10/31/2009,12/27/2031,1/31/2013,2/28/2013,United States Of America,East,New Jersey,South Vineland,8360,500000,60000
2197,Dr. Karen O'Donnell,Small Business,Single,Female,12/7/1993,6/1/2006,,98765,Auto,Related to 4 wheelers or 3 wheelers or 2 wheelers Claims,98765_2197,HSB_Auto_98765,2000,Monthly,6/1/2006,12/27/2033,7/1/2009,1/1/2010,USA,East,New York,Levittown,11756,200000,72000
580,Dr. Kathryn Patrick,Corporate,Single,Female,2/5/1991,10/1/2008,,2468,Mortgages,"Related to Ornaments, Property Claim",02468_580,HSB_Jewel_02468,60000,Half Yearly,10/1/2008,12/27/2030,3/31/2009,9/25/2009,U.S.A,East,Maine,Auburn,4210,400000,60000
2685,Dr. Kathryn Wolfe,Small Business,Single,Female,2/5/1993,10/31/2006,,13579,Mediclaim,Related to Life or Personal Claim,13579_2685,HSB_Lifeclaim_13579,5000,Quarterly,10/31/2006,12/27/2032,1/31/2010,2/28/2010,United States Of America,East,New York,Plainview,11803,500000,60000
2964,Dr. Kathy Hinton,Consumer,Single,Female,2/5/1994,12/31/2007,,13579,Mediclaim,Related to Life or Personal Claim,13579_2964,HSB_Lifeclaim_13579,5000,Quarterly,12/31/2007,12/27/2033,3/31/2011,9/25/2011,U.S.A,East,Ohio,Mount Vernon,43050,500000,60000
1035,Dr. Kent Burton,Home Office,Single,Female,2/5/1997,3/31/2008,,2468,Mortgages,"Related to Ornaments, Property Claim",02468_1035,HSB_Jewel_02468,60000,Half Yearly,3/31/2008,12/27/2036,3/31/2009,9/25/2009,U.S.A,East,Ohio,Delaware,43015,400000,120000
2352,Dr. Kerry Beach,Home Office,Single,Female,12/7/1993,5/30/2009,,98765,Auto,Related to 4 wheelers or 3 wheelers or 2 wheelers Claims,98765_2352,HSB_Auto_98765,2000,Monthly,5/30/2009,12/27/2033,6/30/2012,12/31/2012,USA,East,Maryland,Cumberland,21501,200000,72000
2941,Dr. Leah Pollock,Small Business,Single,Female,2/5/1988,4/1/2006,,13579,Mediclaim,Related to Life or Personal Claim,13579_2941,HSB_Lifeclaim_13579,5000,Quarterly,4/1/2006,12/27/2027,7/1/2009,1/1/2010,United States Of America,East,New Jersey,Morristown,7960,500000,60000
3136,Dr. Lee Hancock,Consumer,Single,Female,12/7/1988,3/3/2007,,98765,Auto,Related to 4 wheelers or 3 wheelers or 2 wheelers Claims,98765_3136,HSB_Auto_98765,2000,Monthly,3/3/2007,12/27/2028,3/31/2010,9/25/2010,U.S.A,East,Maine,Sanford,4073,200000,72000
2649,Dr. Leo J Olson,Corporate,Single,Female,2/5/1998,10/1/2013,,2468,Mortgages,"Related to Ornaments, Property Claim",02468_2649,HSB_Jewel_02468,60000,Half Yearly,10/1/2013,12/27/2037,3/31/2014,9/25/2014,USA,East,Maryland,Edgewood,21040,400000,60000
1725,Dr. Linda Blake,Corporate,Single,Female,2/5/1995,10/1/2010,,2468,Mortgages,"Related to Ornaments, Property Claim",02468_1725,HSB_Jewel_02468,60000,Half Yearly,10/1/2010,12/27/2034,3/31/2011,9/25/2011,U.S.A,East,Ohio,Hilliard,43026,400000,60000
2279,Dr. Lucille McGee,Home Office,Single,Female,2/5/1995,12/31/2007,,13579,Mediclaim,Related to Life or Personal Claim,13579_2279,HSB_Lifeclaim_13579,5000,Quarterly,12/31/2007,12/27/2034,3/31/2011,9/25/2011,U.S.A,East,Pennsylvania,Greensburg,15601,500000,60000
276,Dr. Lucille Rankin,Corporate,Single,Female,2/5/1996,12/30/2008,,13579,Mediclaim,Related to Life or Personal Claim,13579_276,HSB_Lifeclaim_13579,5000,Quarterly,12/30/2008,12/27/2035,3/30/2012,9/24/2012,U.S.A,East,Connecticut,Newington,6111,500000,60000
466,Dr. Marc Nash,Small Business,Single,Female,2/5/1996,10/1/2012,,2468,Mortgages,"Related to Ornaments, Property Claim",02468_466,HSB_Jewel_02468,60000,Half Yearly,10/1/2012,12/27/2035,3/31/2013,9/25/2013,U.S.A,East,Massachusetts,Bellingham,2019,400000,60000
144,Dr. Marguerite Moss,Small Business,Single,Female,2/5/1990,12/31/2013,,13579,Mediclaim,Related to Life or Personal Claim,13579_144,HSB_Lifeclaim_13579,5000,Quarterly,12/31/2013,12/27/2029,3/31/2017,9/25/2017,USA,East,Massachusetts,Yarmouth,2664,500000,60000
1072,Dr. Marion Owens,Corporate,Single,Female,12/7/1987,5/30/2005,,98765,Auto,Related to 4 wheelers or 3 wheelers or 2 wheelers Claims,98765_1072,HSB_Auto_98765,2000,Monthly,5/30/2005,12/27/2027,6/30/2008,12/31/2008,USA,East,Pennsylvania,Bethlehem,18018,200000,72000
3243,Dr. Marlene Phillips,Small Business,Single,Female,2/5/1986,10/1/2013,,2468,Mortgages,"Related to Ornaments, Property Claim",02468_3243,HSB_Jewel_02468,60000,Half Yearly,10/1/2013,12/27/2025,3/31/2014,9/25/2014,USA,East,Connecticut,Bristol,6010,400000,60000
2165,Dr. Melanie Knight,Small Business,Single,Female,2/5/1986,12/31/2013,,13579,Mediclaim,Related to Life or Personal Claim,13579_2165,HSB_Lifeclaim_13579,5000,Quarterly,12/31/2013,12/27/2025,3/31/2017,9/25/2017,U.S.A,East,Maine,Augusta,4330,500000,60000
736,Dr. Meredith Walters,Consumer,Single,Female,12/7/1986,3/3/2003,,98765,Auto,Related to 4 wheelers or 3 wheelers or 2 wheelers Claims,98765_736,HSB_Auto_98765,2000,Monthly,3/3/2003,12/27/2026,3/31/2006,9/25/2006,USA,East,New Hampshire,Salem,3079,200000,72000
3252,Dr. Milton Harrell,Corporate,Single,Female,2/5/1988,10/31/2007,,13579,Mediclaim,Related to Life or Personal Claim,13579_3252,HSB_Lifeclaim_13579,5000,Quarterly,10/31/2007,12/27/2027,1/31/2011,2/28/2011,United States Of America,East,New York,Rotterdam,12306,500000,60000
1690,Dr. Neil Bailey,Corporate,Single,Female,2/5/1997,10/31/2003,,13579,Mediclaim,Related to Life or Personal Claim,13579_1690,HSB_Lifeclaim_13579,5000,Quarterly,10/31/2003,12/27/2036,1/31/2007,2/28/2007,United States Of America,East,Pennsylvania,Harrisburg,17112,500000,60000
1889,Dr. Oscar Bowers,Home Office,Single,Female,2/5/1988,10/31/2013,,13579,Mediclaim,Related to Life or Personal Claim,13579_1889,HSB_Lifeclaim_13579,5000,Quarterly,10/31/2013,12/27/2027,1/31/2017,2/28/2017,U.S.A,East,Ohio,Kettering,45429,500000,60000
711,Dr. Pam Anthony,Consumer,Single,Female,2/5/1988,12/31/2014,,13579,Mediclaim,Related to Life or Personal Claim,13579_711,HSB_Lifeclaim_13579,5000,Quarterly,12/31/2014,12/27/2027,3/31/2018,9/25/2018,U.S.A,East,Massachusetts,Winthrop,2152,500000,60000
1413,Dr. Pamela Wiley,Corporate,Single,Female,2/5/1997,3/30/2011,,2468,Mortgages,"Related to Ornaments, Property Claim",02468_1413,HSB_Jewel_02468,60000,Half Yearly,3/30/2011,12/27/2036,3/30/2012,9/24/2012,United States Of America,East,Massachusetts,Boston,2113,400000,120000
2817,Dr. Paul W French,Corporate,Single,Female,2/5/1991,10/1/2013,,2468,Mortgages,"Related to Ornaments, Property Claim",02468_2817,HSB_Jewel_02468,60000,Half Yearly,10/1/2013,12/27/2030,3/31/2014,9/25/2014,United States Of America,East,Ohio,Newark,43055,400000,60000
2508,Dr. Pauline Brooks,Home Office,Single,Female,2/5/1994,10/31/2012,,13579,Mediclaim,Related to Life or Personal Claim,13579_2508,HSB_Lifeclaim_13579,5000,Quarterly,10/31/2012,12/27/2033,1/31/2016,2/28/2016,U.S.A,East,Maine,Sanford,4073,500000,60000
2603,Dr. Penny Leach,Corporate,Single,Female,2/5/1990,10/1/2006,,2468,Mortgages,"Related to Ornaments, Property Claim",02468_2603,HSB_Jewel_02468,60000,Half Yearly,10/1/2006,12/27/2029,3/31/2007,9/25/2007,U.S.A,East,New Jersey,Hackensack,7601,400000,60000
2038,Dr. Peter Adams,Small Business,Single,Female,2/5/1995,12/31/2005,,13579,Mediclaim,Related to Life or Personal Claim,13579_2038,HSB_Lifeclaim_13579,5000,Quarterly,12/31/2005,12/27/2034,3/31/2009,9/25/2009,United States Of America,East,New York,Mount Vernon,10550,500000,60000
2737,Dr. Rachel Bates,Small Business,Single,Female,2/5/1987,12/31/2014,,13579,Mediclaim,Related to Life or Personal Claim,13579_2737,HSB_Lifeclaim_13579,5000,Quarterly,12/31/2014,12/27/2026,3/31/2018,9/25/2018,U.S.A,East,Vermont,Rutland,5701,500000,60000
1519,Dr. Randall Boykin,Consumer,Single,Female,2/5/1991,10/31/2002,,13579,Mediclaim,Related to Life or Personal Claim,13579_1519,HSB_Lifeclaim_13579,5000,Quarterly,10/31/2002,12/27/2030,1/31/2006,2/28/2006,USA,East,Maine,Auburn,4210,500000,60000
1124,Dr. Randy Jiang,Small Business,Single,Female,12/7/1993,3/3/2011,,98765,Auto,Related to 4 wheelers or 3 wheelers or 2 wheelers Claims,98765_1124,HSB_Auto_98765,2000,Monthly,3/3/2011,12/27/2033,3/31/2014,9/25/2014,United States Of America,East,Connecticut,Norwich,6360,200000,72000
383,Dr. Renee Alston,Corporate,Single,Female,2/5/1992,1/1/2017,,2468,Mortgages,"Related to Ornaments, Property Claim",02468_383,HSB_Jewel_02468,60000,Half Yearly,1/1/2017,12/27/2031,7/1/2017,1/1/2018,USA,East,Pennsylvania,Drexel Hill,19026,400000,60000
999,Dr. Rita Barton,Small Business,Single,Female,2/5/1988,7/31/2014,,2468,Mortgages,"Related to Ornaments, Property Claim",02468_999,HSB_Jewel_02468,60000,Half Yearly,7/31/2014,12/27/2027,1/31/2015,2/28/2015,USA,East,New Jersey,Ridgewood,7450,400000,60000
2520,Dr. Sandy Mueller,Home Office,Single,Female,2/5/1990,4/1/2011,,13579,Mediclaim,Related to Life or Personal Claim,13579_2520,HSB_Lifeclaim_13579,5000,Quarterly,4/1/2011,12/27/2029,7/1/2014,1/1/2015,USA,East,Rhode Island,Providence,2908,500000,60000
627,Dr. Scott McKenna,Corporate,Single,Female,2/5/1990,4/1/2010,,13579,Mediclaim,Related to Life or Personal Claim,13579_627,HSB_Lifeclaim_13579,5000,Quarterly,4/1/2010,12/27/2029,7/1/2013,1/1/2014,United States Of America,East,Ohio,Steubenville,43952,500000,60000
3369,Dr. Stacy Byrne,Home Office,Single,Female,2/5/1995,12/30/2008,,13579,Mediclaim,Related to Life or Personal Claim,13579_3369,HSB_Lifeclaim_13579,5000,Quarterly,12/30/2008,12/27/2034,3/30/2012,9/24/2012,United States Of America,East,Ohio,Westerville,43081,500000,60000
2884,Dr. Stuart C Robinson,Consumer,Single,Female,2/5/1987,12/31/2011,,13579,Mediclaim,Related to Life or Personal Claim,13579_2884,HSB_Lifeclaim_13579,5000,Quarterly,12/31/2011,12/27/2026,3/31/2015,9/25/2015,U.S.A,East,Ohio,North Ridgeville,44039,500000,60000
1946,Dr. Teresa Wallace,Consumer,Single,Female,2/5/1994,10/31/2002,,13579,Mediclaim,Related to Life or Personal Claim,13579_1946,HSB_Lifeclaim_13579,5000,Quarterly,10/31/2002,12/27/2033,1/31/2006,2/28/2006,USA,East,Pennsylvania,Mount Lebanon,15228,500000,60000
1472,Dr. Tommy Ellis Ritchie,Home Office,Single,Female,2/5/1993,12/30/2008,,13579,Mediclaim,Related to Life or Personal Claim,13579_1472,HSB_Lifeclaim_13579,5000,Quarterly,12/30/2008,12/27/2032,3/30/2012,9/24/2012,U.S.A,East,Ohio,Westlake,44145,500000,60000
470,Dr. Tony Doyle,Small Business,Single,Female,2/5/1991,4/1/2006,,13579,Mediclaim,Related to Life or Personal Claim,13579_470,HSB_Lifeclaim_13579,5000,Quarterly,4/1/2006,12/27/2030,7/1/2009,1/1/2010,USA,East,New Jersey,Trenton,8601,500000,60000
1614,Dr. Wayne Lutz,Consumer,Single,Female,2/5/1992,10/1/2006,,2468,Mortgages,"Related to Ornaments, Property Claim",02468_1614,HSB_Jewel_02468,60000,Half Yearly,10/1/2006,12/27/2031,3/31/2007,9/25/2007,U.S.A,East,Massachusetts,Hopkinton,1748,400000,60000
11,Miss. Marcus Dunlap,Home Office,Single,Female,12/7/1988,12/31/2012,,98765,Auto,Related to 4 wheelers or 3 wheelers or 2 wheelers Claims,98765_11,HSB_Auto_98765,2000,Monthly,12/31/2012,12/27/2028,1/31/2016,2/28/2016,US,East,New Jersey,Roselle,7203,200000,72000
11,Miss. Marcus Dunlap,Home Office,Single,Female,12/7/1988,12/31/2012,,98765,Auto,Related to 4 wheelers or 3 wheelers or 2 wheelers Claims,98765_11,HSB_Auto_98765,2000,Monthly,12/31/2012,12/27/2028,1/31/2016,2/28/2016,US,East,New Jersey,Roselle,7203,200000,72000
56,Miss. Randall Montgomery,Consumer,Single,Female,2/5/1993,12/31/2009,,13579,Mediclaim,Related to Life or Personal Claim,13579_56,HSB_Lifeclaim_13579,5000,Quarterly,12/31/2009,12/27/2032,3/31/2013,9/25/2013,United States,East,New York,Tonawanda,14150,500000,60000
56,Miss. Randall Montgomery,Consumer,Single,Female,2/5/1993,12/31/2009,,13579,Mediclaim,Related to Life or Personal Claim,13579_56,HSB_Lifeclaim_13579,5000,Quarterly,12/31/2009,12/27/2032,3/31/2013,9/25/2013,United States,East,New York,Tonawanda,14150,500000,60000
16,Miss. Sarah Ramsey,Small Business,Single,Female,2/5/1997,3/31/2009,,2468,Mortgages,"Related to Ornaments, Property Claim",02468_16,HSB_Jewel_02468,60000,Half Yearly,3/31/2009,12/27/2036,3/31/2010,9/25/2010,U.S,East,New York,Syracuse,13210,400000,120000
16,Miss. Sarah Ramsey,Small Business,Single,Female,2/5/1997,3/31/2009,,2468,Mortgages,"Related to Ornaments, Property Claim",02468_16,HSB_Jewel_02468,60000,Half Yearly,3/31/2009,12/27/2036,3/31/2010,9/25/2010,U.S,East,New York,Syracuse,13210,400000,120000
68,Miss. Scott Bunn,Corporate,Single,Female,12/7/1987,6/1/2008,,98765,Auto,Related to 4 wheelers or 3 wheelers or 2 wheelers Claims,98765_68,HSB_Auto_98765,2000,Monthly,6/1/2008,12/27/2027,7/1/2011,1/1/2012,United States Of America,East,New York,New York City,10177,200000,72000
68,Miss. Scott Bunn,Corporate,Single,Female,12/7/1987,6/1/2008,,98765,Auto,Related to 4 wheelers or 3 wheelers or 2 wheelers Claims,98765_68,HSB_Auto_98765,2000,Monthly,6/1/2008,12/27/2027,7/1/2011,1/1/2012,United States Of America,East,New York,New York City,10177,200000,72000
15,Miss. Timothy Reese,Small Business,Single,Female,2/5/1992,4/1/2008,,13579,Mediclaim,Related to Life or Personal Claim,13579_15,HSB_Lifeclaim_13579,5000,Quarterly,4/1/2008,12/27/2031,7/1/2011,1/1/2012,USA,East,New York,Smithtown,11787,500000,60000
15,Miss. Timothy Reese,Small Business,Single,Female,2/5/1992,4/1/2008,,13579,Mediclaim,Related to Life or Personal Claim,13579_15,HSB_Lifeclaim_13579,5000,Quarterly,4/1/2008,12/27/2031,7/1/2011,1/1/2012,USA,East,New York,Smithtown,11787,500000,60000
109,Miss. Tom McFarland,Consumer,Single,Female,2/5/1991,12/31/2009,,13579,Mediclaim,Related to Life or Personal Claim,13579_109,HSB_Lifeclaim_13579,5000,Quarterly,12/31/2009,12/27/2030,3/31/2013,9/25/2013,United States Of America,East,New Jersey,Lodi,7644,500000,60000
21,Miss. Tony Wilkins Winters,Small Business,Single,Female,2/5/1994,12/30/2011,,2468,Mortgages,"Related to Ornaments, Property Claim",02468_21,HSB_Jewel_02468,60000,Half Yearly,12/30/2011,12/27/2033,6/30/2012,12/31/2012,U.S.A,East,New York,New York City,10012,400000,60000
21,Miss. Tony Wilkins Winters,Small Business,Single,Female,2/5/1994,12/30/2011,,2468,Mortgages,"Related to Ornaments, Property Claim",02468_21,HSB_Jewel_02468,60000,Half Yearly,12/30/2011,12/27/2033,6/30/2012,12/31/2012,U.S.A,East,New York,New York City,10012,400000,60000
102,Mister Caroline Johnston,Consumer,Single,Male,2/5/1991,1/1/2008,,13579,Mediclaim,Related to Life or Personal Claim,13579_102,HSB_Lifeclaim_13579,5000,Quarterly,1/1/2008,12/27/2030,4/1/2011,9/26/2011,United States,East,Massachusetts,Boston,2129,500000,60000
3,Mister. Bonnie Potter,Corporate,Single,Male,2/6/1992,1/1/2009,,13579,Mediclaim,Related to Life or Personal Claim,13579_3,HSB_Lifeclaim_13579,5000,Quarterly,1/1/2009,12/28/2031,4/1/2012,4/11/2012,US,East,Washington,Anacortes,98221,300000,60000
940,Mr. Albert Maxwell,Home Office,Single,Male,12/9/1992,12/31/2007,,19181,TermLife,Coverage for a certain period of time,19181_1354,HSB_Termclaim_23579,5000,Quarterly,12/31/2007,12/27/2036,3/31/2011,9/25/2011,United States Of America,East,Pennsylvania,Philadelphia,19112,500000,60000
1603,Mr. Alex Watkins,Small Business,Married,Male,2/5/1997,6/30/2011,,19182,WholeLife,Remain in force for the insured's entire lifetime,19182_697,HSB_WholeLife_22468,60000,Half Yearly,6/30/2011,1/1/2112,6/30/2012,12/31/2012,US,East,Ohio,Lorain,44052,400000,120000
2506,Mr. Alfred Harmon,Home Office,Divorced,Male,2/5/1998,12/31/2010,,19184,Moneyback,The insured person gets a percentage of sum assured at regular intervals,19184_188,HSB_Moneyback_19184,5000,Quarterly,12/31/2010,12/27/2036,3/31/2014,9/25/2014,USA,East,Pennsylvania,Philadelphia,19112,500000,60000
605,Mr. Alison Peters Wooten,Corporate,Married,Male,12/7/1997,12/30/2008,,19186,UnitLinked,Market-linked product that aggregates the very best of investment and insurance,19186_597,HSB_UnitLinked_19186,5000,Quarterly,12/30/2008,12/27/2037,3/30/2012,9/24/2012,USA,East,New York,New York City,10004,500000,60000
3137,Mr. Alison Sharp,Corporate,Married,Male,2/5/1998,12/31/2009,,19187,AnnuityPlan,Income stream for retirees,19187_2108,HSB_AnnuityPlan_19187,5000,Quarterly,12/31/2009,12/27/2037,3/31/2013,9/25/2013,United States,East,Pennsylvania,Philadelphia,19112,500000,60000
101,Mr. Claudia Boyle,Consumer,Single,Female,2/7/1990,10/1/2009,,2468,Mortgages,"Related to Ornaments, Property Claim",02468_101,HSB_Jewel_02468,60000,Half Yearly,10/1/2009,12/29/2029,3/31/2010,9/25/2010,U.S.A,East,Maine,Biddeford,4005,400000,60000
101,Mr. Claudia Boyle,Consumer,Single,Female,2/7/1990,10/1/2009,,2468,Mortgages,"Related to Ornaments, Property Claim",02468_101,HSB_Jewel_02468,60000,Half Yearly,10/1/2009,12/29/2029,3/31/2010,9/25/2010,U.S.A,East,Maine,Biddeford,4005,400000,60000
83,Mr. Edgar Stone,Corporate,Single,Male,12/7/1989,3/2/2009,,98765,Auto,Related to 4 wheelers or 3 wheelers or 2 wheelers Claims,98765_83,HSB_Auto_98765,2000,Monthly,3/2/2009,12/27/2029,3/30/2012,9/24/2012,USA,East,Ohio,Canton,44708,200000,72000
83,Mr. Edgar Stone,Corporate,Single,Male,12/7/1989,3/2/2009,,98765,Auto,Related to 4 wheelers or 3 wheelers or 2 wheelers Claims,98765_83,HSB_Auto_98765,2000,Monthly,3/2/2009,12/27/2029,3/30/2012,9/24/2012,USA,East,Ohio,Canton,44708,200000,72000
14,Mr. Gwendolyn F Tyson,Small Business,Single,Male,2/5/1992,12/30/2008,,13579,Mediclaim,Related to Life or Personal Claim,13579_14,HSB_Lifeclaim_13579,5000,Quarterly,12/30/2008,12/27/2031,3/30/2012,9/24/2012,USA,East,Minnesota,Prior Lake,55372,400000,60000
84,Mr. Helen Stein,Corporate,Single,Male,2/5/1991,12/31/2007,,13579,Mediclaim,Related to Life or Personal Claim,13579_84,HSB_Lifeclaim_13579,5000,Quarterly,12/31/2007,12/27/2030,3/31/2011,9/25/2011,U.S,East,Ohio,Cincinnati,45231,500000,60000
84,Mr. Helen Stein,Corporate,Single,Male,2/5/1991,12/31/2007,,13579,Mediclaim,Related to Life or Personal Claim,13579_84,HSB_Lifeclaim_13579,5000,Quarterly,12/31/2007,12/27/2030,3/31/2011,9/25/2011,U.S,East,Ohio,Cincinnati,45231,500000,60000
437,Mrs. Alice Berger McIntyre,Small Business,Married,Female,2/5/1998,12/31/2007,,19185,ChildPlan,Insurance cum investment plan to secure child's future,19185_3106,HSB_ChildPlan_19185,5000,Quarterly,12/31/2007,12/27/2035,3/31/2011,9/25/2011,USA,East,Ohio,Lorain,44052,500000,60000
70,Mrs. Annette Boone,Corporate,Married,Female,12/8/1989,1/4/2008,,98765,Auto,Related to 4 wheelers or 3 wheelers or 2 wheelers Claims,98765_70,HSB_Auto_98765,2000,Monthly,1/4/2008,12/28/2029,2/4/2011,3/4/2011,US,East,Vermont,Burlington,5401,200000,72000
70,Mrs. Annette Boone,Corporate,Married,Female,12/8/1989,1/4/2008,,98765,Auto,Related to 4 wheelers or 3 wheelers or 2 wheelers Claims,98765_70,HSB_Auto_98765,2000,Monthly,1/4/2008,12/28/2029,2/4/2011,3/4/2011,US,East,Vermont,Burlington,5401,200000,72000
2250,Prof. Alvin Hoover,Home Office,Married,Male,12/7/1994,3/3/2015,,98765,Auto,Related to 4 wheelers or 3 wheelers or 2 wheelers Claims,98765_2250,HSB_Auto_98765,2000,Monthly,3/3/2015,12/27/2034,3/31/2018,9/25/2018,USA,East,Pennsylvania,Philadelphia,19112,200000,72000
2211,Prof. Anita Hahn,Home Office,Married,Female,2/6/1991,12/31/2006,,13579,Mediclaim,Related to Life or Personal Claim,13579_2211,HSB_Lifeclaim_13579,5000,Quarterly,12/31/2006,12/28/2030,3/31/2010,9/25/2010,U.S.A,East,Maryland,Bowie,20715,500000,60000
1882,Prof. Anita Kent,Home Office,Married,Female,2/9/1991,12/31/2005,,13579,Mediclaim,Related to Life or Personal Claim,13579_1882,HSB_Lifeclaim_13579,5000,Quarterly,12/31/2005,12/31/2030,3/31/2009,9/25/2009,USA,East,New Jersey,Linden,7036,500000,60000
2089,Prof. Annie Odom,Corporate,Married,Female,2/5/1991,4/3/2010,,13579,Mediclaim,Related to Life or Personal Claim,13579_2089,HSB_Lifeclaim_13579,5000,Quarterly,4/3/2010,12/27/2030,7/3/2013,1/3/2014,USA,East,New York,New City,10956,500000,60000
2613,Prof. Anthony Stanley,Corporate,Married,Male,2/8/1991,11/1/2011,,13579,Mediclaim,Related to Life or Personal Claim,13579_2613,HSB_Lifeclaim_13579,5000,Quarterly,11/1/2011,12/30/2030,2/1/2015,3/1/2015,United States Of America,East,New Jersey,Fords,8863,500000,60000
2776,Prof. April Henson,Consumer,Married,Male,2/5/1990,4/5/2012,,13579,Mediclaim,Related to Life or Personal Claim,13579_2776,HSB_Lifeclaim_13579,5000,Quarterly,4/5/2012,12/27/2029,7/5/2015,1/5/2016,U.S.A,East,Maryland,Gaithersburg,20877,500000,60000
1200,Prof. Beth English,Consumer,Single,Female,2/6/1991,3/30/2009,,13579,Mediclaim,Related to Life or Personal Claim,13579_1200,HSB_Lifeclaim_13579,5000,Quarterly,3/30/2009,12/28/2030,6/30/2012,12/31/2012,U.S.A,East,New Jersey,Elmwood Park,7407,500000,60000
3269,Prof. Billie Stern,Corporate,Single,Female,2/6/1990,12/31/2006,,13579,Mediclaim,Related to Life or Personal Claim,13579_3269,HSB_Lifeclaim_13579,5000,Quarterly,12/31/2006,12/28/2029,3/31/2010,9/25/2010,USA,East,New Jersey,North Plainfield,7060,500000,60000
1027,Prof. Brian Bennett,Small Business,Single,Male,2/5/1990,10/1/2008,,2468,Mortgages,"Related to Ornaments, Property Claim",02468_1027,HSB_Jewel_02468,60000,Half Yearly,10/1/2008,12/27/2029,3/31/2009,9/25/2009,USA,East,New York,Cheektowaga,14225,400000,60000
2747,Prof. Brian Grady,Corporate,Single,Male,12/7/1989,6/2/2007,,98765,Auto,Related to 4 wheelers or 3 wheelers or 2 wheelers Claims,98765_2747,HSB_Auto_98765,2000,Monthly,6/2/2007,12/27/2029,7/2/2010,1/2/2011,United States Of America,East,New York,New York City,10115,200000,72000
263,Prof. Carlos Hess,Small Business,Single,Male,12/8/1990,3/2/2008,,98765,Auto,Related to 4 wheelers or 3 wheelers or 2 wheelers Claims,98765_263,HSB_Auto_98765,2000,Monthly,3/2/2008,12/28/2030,4/2/2011,9/27/2011,USA,East,Ohio,Cleveland Heights,44106,200000,72000
1728,Prof. Carrie Lewis,Corporate,Single,Male,2/7/1990,1/1/2007,,13579,Mediclaim,Related to Life or Personal Claim,13579_1728,HSB_Lifeclaim_13579,5000,Quarterly,1/1/2007,12/29/2029,4/1/2010,9/26/2010,United States Of America,East,Ohio,Kettering,45429,500000,60000
1364,Prof. Chris Ford,Home Office,Single,Male,2/5/1990,12/31/2006,,13579,Mediclaim,Related to Life or Personal Claim,13579_1364,HSB_Lifeclaim_13579,5000,Quarterly,12/31/2006,12/27/2029,3/31/2010,9/25/2010,U.S.A,East,Maryland,Camp Springs,20746,500000,60000
468,Prof. Craig Bennett,Small Business,Single,Male,2/6/1990,12/31/2006,,13579,Mediclaim,Related to Life or Personal Claim,13579_468,HSB_Lifeclaim_13579,5000,Quarterly,12/31/2006,12/28/2029,3/31/2010,9/25/2010,United States Of America,East,Massachusetts,Hanson,2341,500000,60000
3366,Prof. Dana Boyle,Home Office,Widowed,Male,2/5/1990,1/2/2007,,13579,Mediclaim,Related to Life or Personal Claim,13579_3366,HSB_Lifeclaim_13579,5000,Quarterly,1/2/2007,12/27/2029,4/2/2010,9/27/2010,U.S.A,East,Ohio,Troy,45373,500000,60000
1282,Prof. Dana Sharpe,Small Business,Single,Male,2/5/1990,10/2/2009,,2468,Mortgages,"Related to Ornaments, Property Claim",02468_1282,HSB_Jewel_02468,60000,Half Yearly,10/2/2009,12/27/2029,4/2/2010,9/27/2010,United States Of America,East,Pennsylvania,Philadelphia,19134,400000,60000
3385,Prof. Daniel Richmond,Corporate,Widowed,Male,2/5/1990,10/2/2012,,2468,Mortgages,"Related to Ornaments, Property Claim",02468_3385,HSB_Jewel_02468,60000,Half Yearly,10/2/2012,12/27/2029,4/2/2013,9/27/2013,USA,East,Ohio,Boardman,44512,400000,60000
397,Prof. Denise Carver,Corporate,Single,Male,12/10/1989,3/2/2007,,98765,Auto,Related to 4 wheelers or 3 wheelers or 2 wheelers Claims,98765_397,HSB_Auto_98765,2000,Monthly,3/2/2007,12/30/2029,4/2/2010,9/27/2010,U.S.A,East,Ohio,Cuyahoga Falls,44221,200000,72000
1606,Prof. Don Rogers,Home Office,Single,Male,2/5/1991,1/2/2012,,2468,Mortgages,"Related to Ornaments, Property Claim",02468_1606,HSB_Jewel_02468,60000,Half Yearly,1/2/2012,12/27/2030,7/2/2012,1/2/2013,USA,East,New York,Franklin Square,11010,400000,60000
947,Prof. Dorothy Buchanan,Home Office,Single,Male,12/8/1990,3/3/2007,,98765,Auto,Related to 4 wheelers or 3 wheelers or 2 wheelers Claims,98765_947,HSB_Auto_98765,2000,Monthly,3/3/2007,12/28/2030,3/31/2010,9/25/2010,USA,East,New Jersey,Bayonne,7002,200000,72000
1151,Prof. Edna Huang,Corporate,Single,Male,12/7/1991,3/3/2007,,98765,Auto,Related to 4 wheelers or 3 wheelers or 2 wheelers Claims,98765_1151,HSB_Auto_98765,2000,Monthly,3/3/2007,12/27/2031,3/31/2010,9/25/2010,USA,East,Massachusetts,South Hadley,1075,200000,72000
578,Prof. Evan K Bullard,Corporate,Single,Male,2/5/1991,12/31/2010,,13579,Mediclaim,Related to Life or Personal Claim,13579_578,HSB_Lifeclaim_13579,5000,Quarterly,12/31/2010,12/27/2030,3/31/2014,9/25/2014,USA,East,Connecticut,Naugatuck,6770,500000,60000
329,Prof. Faye Dyer,Home Office,Single,Male,12/7/1992,3/2/2012,,98765,Auto,Related to 4 wheelers or 3 wheelers or 2 wheelers Claims,98765_329,HSB_Auto_98765,2000,Monthly,3/2/2012,12/27/2032,3/31/2015,9/25/2015,U.S.A,East,Maine,Sanford,4073,200000,72000
2512,Prof. Frances Holt,Home Office,Single,Male,2/5/1990,4/1/2007,,13579,Mediclaim,Related to Life or Personal Claim,13579_2512,HSB_Lifeclaim_13579,5000,Quarterly,4/1/2007,12/27/2029,7/1/2010,1/1/2011,United States Of America,East,Massachusetts,Cambridge,2138,500000,60000
2189,Prof. Frank Cross,Corporate,Single,Male,2/5/1989,4/1/2008,,13579,Mediclaim,Related to Life or Personal Claim,13579_2189,HSB_Lifeclaim_13579,5000,Quarterly,4/1/2008,12/27/2028,7/1/2011,1/1/2012,United States Of America,East,New York,New York City,10177,500000,60000
1047,Prof. Gayle Pearson,Home Office,Single,Male,2/5/1993,12/31/2005,,13579,Mediclaim,Related to Life or Personal Claim,13579_1047,HSB_Lifeclaim_13579,5000,Quarterly,12/31/2005,12/27/2032,3/31/2009,9/25/2009,United States Of America,East,Massachusetts,Boston,2109,500000,60000
898,Prof. Harriet Hodges,Small Business,Single,Male,2/5/1993,3/30/2009,,13579,Mediclaim,Related to Life or Personal Claim,13579_898,HSB_Lifeclaim_13579,5000,Quarterly,3/30/2009,12/27/2032,6/30/2012,12/31/2012,United States Of America,East,New York,New York City,10039,500000,60000
622,Prof. Hazel Khan,Home Office,Single,Male,2/5/1992,10/1/2009,,2468,Mortgages,"Related to Ornaments, Property Claim",02468_622,HSB_Jewel_02468,60000,Half Yearly,10/1/2009,12/27/2031,3/31/2010,9/25/2010,U.S.A,East,Maine,Auburn,4210,400000,60000
3138,Prof. Herbert Donnelly Swanson,Corporate,Married,Male,2/5/1992,10/31/2005,,13579,Mediclaim,Related to Life or Personal Claim,13579_3138,HSB_Lifeclaim_13579,5000,Quarterly,10/31/2005,12/27/2031,1/31/2009,2/28/2009,United States Of America,East,New Hampshire,Londonderry,3053,500000,60000
2363,Prof. Jacob Murray,Home Office,Single,Male,12/7/1992,12/31/2005,,98765,Auto,Related to 4 wheelers or 3 wheelers or 2 wheelers Claims,98765_2363,HSB_Auto_98765,2000,Monthly,12/31/2005,12/27/2032,1/31/2009,2/28/2009,U.S.A,East,Ohio,Medina,44256,200000,72000
1679,Prof. Jeanne Nguyen,Consumer,Single,Male,12/7/1991,3/2/2009,,98765,Auto,Related to 4 wheelers or 3 wheelers or 2 wheelers Claims,98765_1679,HSB_Auto_98765,2000,Monthly,3/2/2009,12/27/2031,3/30/2012,9/24/2012,U.S.A,East,Ohio,Fairborn,45324,200000,72000
2660,Prof. Jeffrey Page,Small Business,Single,Male,2/5/1989,4/1/2008,,13579,Mediclaim,Related to Life or Personal Claim,13579_2660,HSB_Lifeclaim_13579,5000,Quarterly,4/1/2008,12/27/2028,7/1/2011,1/1/2012,U.S.A,East,Maine,Gorham,4038,500000,60000
1191,Prof. John Morse,Small Business,Single,Female,2/5/1993,12/31/2007,,13579,Mediclaim,Related to Life or Personal Claim,13579_1191,HSB_Lifeclaim_13579,5000,Quarterly,12/31/2007,12/27/2032,3/31/2011,9/25/2011,United States Of America,East,Connecticut,New Britain,6050,500000,60000
1998,Prof. Judy Frazier,Corporate,Single,Female,2/5/1996,12/30/2008,,13579,Mediclaim,Related to Life or Personal Claim,13579_1998,HSB_Lifeclaim_13579,5000,Quarterly,12/30/2008,12/27/2035,3/30/2012,9/24/2012,U.S.A,East,New York,East Massapequa,11758,500000,60000
854,Prof. Karen Hendricks,Corporate,Single,Female,2/5/1992,4/1/2008,,13579,Mediclaim,Related to Life or Personal Claim,13579_854,HSB_Lifeclaim_13579,5000,Quarterly,4/1/2008,12/27/2031,7/1/2011,1/1/2012,USA,East,Connecticut,Branford,6405,500000,60000
1494,Prof. Kate Lehman,Corporate,Single,Female,2/5/1990,4/1/2008,,13579,Mediclaim,Related to Life or Personal Claim,13579_1494,HSB_Lifeclaim_13579,5000,Quarterly,4/1/2008,12/27/2029,7/1/2011,1/1/2012,United States Of America,East,Maryland,Dundalk,21222,500000,60000
1226,Prof. Ken Cash,Small Business,Single,Female,2/5/1992,4/1/2010,,13579,Mediclaim,Related to Life or Personal Claim,13579_1226,HSB_Lifeclaim_13579,5000,Quarterly,4/1/2010,12/27/2031,7/1/2013,1/1/2014,USA,East,Rhode Island,Pawtucket,2861,500000,60000
1439,Prof. Kyle Kaufman,Corporate,Single,Female,2/5/1994,10/31/2010,,13579,Mediclaim,Related to Life or Personal Claim,13579_1439,HSB_Lifeclaim_13579,5000,Quarterly,10/31/2010,12/27/2033,1/31/2014,2/28/2014,USA,East,Ohio,Euclid,44117,500000,60000
1086,Prof. Leon Peele,Home Office,Single,Female,2/5/1988,10/31/2012,,13579,Mediclaim,Related to Life or Personal Claim,13579_1086,HSB_Lifeclaim_13579,5000,Quarterly,10/31/2012,12/27/2027,1/31/2016,2/28/2016,U.S.A,East,New York,Dix Hills,11746,500000,60000
1708,Prof. Lillian Day,Small Business,Single,Female,2/5/1993,7/31/2009,,2468,Mortgages,"Related to Ornaments, Property Claim",02468_1708,HSB_Jewel_02468,60000,Half Yearly,7/31/2009,12/27/2032,1/31/2010,2/28/2010,USA,East,Ohio,Shaker Heights,44118,400000,60000
727,Prof. Lindsay Link,Consumer,Single,Female,2/5/1987,10/1/2014,,2468,Mortgages,"Related to Ornaments, Property Claim",02468_727,HSB_Jewel_02468,60000,Half Yearly,10/1/2014,12/27/2026,3/31/2015,9/25/2015,United States Of America,East,Maine,Lewiston,4240,400000,60000
2693,Prof. Lloyd Cannon,Home Office,Single,Female,2/5/1987,12/30/2012,,13579,Mediclaim,Related to Life or Personal Claim,13579_2693,HSB_Lifeclaim_13579,5000,Quarterly,12/30/2012,12/27/2026,3/30/2016,9/24/2016,USA,East,Vermont,Bennington,5201,500000,60000
995,Prof. Lloyd Spencer,Small Business,Single,Female,2/5/1998,12/31/2013,,13579,Mediclaim,Related to Life or Personal Claim,13579_995,HSB_Lifeclaim_13579,5000,Quarterly,12/31/2013,12/27/2037,3/31/2017,9/25/2017,United States Of America,East,Maine,West Scarborough,4070,500000,60000
1590,Prof. Lucille Buchanan,Corporate,Single,Female,12/7/1991,3/2/2004,,98765,Auto,Related to 4 wheelers or 3 wheelers or 2 wheelers Claims,98765_1590,HSB_Auto_98765,2000,Monthly,3/2/2004,12/27/2031,3/31/2007,9/25/2007,U.S.A,East,Ohio,Willoughby,44094,200000,72000
2338,Prof. Lynn Hines,Home Office,Single,Female,2/5/1994,12/30/2012,,13579,Mediclaim,Related to Life or Personal Claim,13579_2338,HSB_Lifeclaim_13579,5000,Quarterly,12/30/2012,12/27/2033,3/30/2016,9/24/2016,United States Of America,East,Maryland,College Park,20740,500000,60000
3077,Prof. Lynne Reid,Small Business,Single,Female,2/5/1987,10/1/2009,,2468,Mortgages,"Related to Ornaments, Property Claim",02468_3077,HSB_Jewel_02468,60000,Half Yearly,10/1/2009,12/27/2026,3/31/2010,9/25/2010,U.S.A,East,Ohio,Strongsville,44136,400000,60000
659,Prof. Marjorie Arthur,Consumer,Single,Female,2/5/1990,1/1/2009,,2468,Mortgages,"Related to Ornaments, Property Claim",02468_659,HSB_Jewel_02468,60000,Half Yearly,1/1/2009,12/27/2029,7/1/2009,1/1/2010,USA,East,Vermont,South Burlington,5403,400000,60000
3096,Prof. Mike Howard,Consumer,Single,Female,2/5/1996,10/31/2013,,13579,Mediclaim,Related to Life or Personal Claim,13579_3096,HSB_Lifeclaim_13579,5000,Quarterly,10/31/2013,12/27/2035,1/31/2017,2/28/2017,USA,East,Ohio,Hilliard,43026,500000,60000
2534,Prof. Mitchell Goldberg,Small Business,Single,Female,2/5/1998,7/31/2012,,2468,Mortgages,"Related to Ornaments, Property Claim",02468_2534,HSB_Jewel_02468,60000,Half Yearly,7/31/2012,12/27/2037,1/31/2013,2/28/2013,U.S.A,East,Maine,Bangor,4401,400000,60000
1625,Prof. Molly Browning,Home Office,Single,Female,12/7/1990,6/1/2011,,98765,Auto,Related to 4 wheelers or 3 wheelers or 2 wheelers Claims,98765_1625,HSB_Auto_98765,2000,Monthly,6/1/2011,12/27/2030,7/1/2014,1/1/2015,United States Of America,East,New York,Glen Cove,11542,200000,72000
487,Prof. Molly Vincent,Corporate,Single,Female,2/5/1992,12/30/2008,,13579,Mediclaim,Related to Life or Personal Claim,13579_487,HSB_Lifeclaim_13579,5000,Quarterly,12/30/2008,12/27/2031,3/30/2012,9/24/2012,U.S.A,East,Maine,Sanford,4073,500000,60000
3249,Prof. Nicole Goldstein,Corporate,Single,Female,2/5/1987,12/31/2011,,13579,Mediclaim,Related to Life or Personal Claim,13579_3249,HSB_Lifeclaim_13579,5000,Quarterly,12/31/2011,12/27/2026,3/31/2015,9/25/2015,U.S.A,East,Maryland,Annapolis,21403,500000,60000
283,Prof. Pauline Boyette,Corporate,Single,Female,2/5/1993,10/31/2011,,13579,Mediclaim,Related to Life or Personal Claim,13579_283,HSB_Lifeclaim_13579,5000,Quarterly,10/31/2011,12/27/2032,1/31/2015,2/28/2015,United States Of America,East,New Jersey,Newark,7101,500000,60000
738,Prof. Peggy Rowe,Consumer,Single,Female,12/7/1988,12/31/2014,,98765,Auto,Related to 4 wheelers or 3 wheelers or 2 wheelers Claims,98765_738,HSB_Auto_98765,2000,Monthly,12/31/2014,12/27/2028,1/31/2018,2/28/2018,U.S.A,East,New Jersey,Cranford,7016,200000,72000
1906,Prof. Penny Tuttle,Corporate,Single,Female,2/5/1994,10/31/2004,,13579,Mediclaim,Related to Life or Personal Claim,13579_1906,HSB_Lifeclaim_13579,5000,Quarterly,10/31/2004,12/27/2033,1/31/2008,2/28/2008,United States Of America,East,Ohio,Lima,45801,500000,60000
184,Prof. Phillip Holmes,Small Business,Single,Female,2/5/1991,9/30/2015,,2468,Mortgages,"Related to Ornaments, Property Claim",02468_184,HSB_Jewel_02468,60000,Half Yearly,9/30/2015,12/27/2030,3/30/2016,9/24/2016,U.S.A,East,Massachusetts,Arlington,2474,400000,60000
1008,Prof. Priscilla Frank,Home Office,Single,Female,2/5/1998,12/31/2009,,13579,Mediclaim,Related to Life or Personal Claim,13579_1008,HSB_Lifeclaim_13579,5000,Quarterly,12/31/2009,12/27/2037,3/31/2013,9/25/2013,U.S.A,East,Maine,Gorham,4038,500000,60000
2908,Prof. Robyn Lyon,Home Office,Single,Female,2/5/1997,4/1/2007,,13579,Mediclaim,Related to Life or Personal Claim,13579_2908,HSB_Lifeclaim_13579,5000,Quarterly,4/1/2007,12/27/2036,7/1/2010,1/1/2011,United States Of America,East,Ohio,Garfield Heights,44125,500000,60000
344,Prof. Rosemary English,Corporate,Single,Female,2/5/1994,12/31/2010,,13579,Mediclaim,Related to Life or Personal Claim,13579_344,HSB_Lifeclaim_13579,5000,Quarterly,12/31/2010,12/27/2033,3/31/2014,9/25/2014,USA,East,Maine,Portland,4101,500000,60000
2571,Prof. Rosemary O'Brien,Consumer,Single,Female,12/7/1995,12/31/2006,,98765,Auto,Related to 4 wheelers or 3 wheelers or 2 wheelers Claims,98765_2571,HSB_Auto_98765,2000,Monthly,12/31/2006,12/27/2035,1/31/2010,2/28/2010,USA,East,New York,New York City,10165,200000,72000
925,Prof. Ruth Dudley,Small Business,Single,Female,2/5/1995,10/31/2008,,13579,Mediclaim,Related to Life or Personal Claim,13579_925,HSB_Lifeclaim_13579,5000,Quarterly,10/31/2008,12/27/2034,1/31/2012,2/28/2012,U.S.A,East,Maine,Augusta,4330,500000,60000
370,Prof. Sam Oh,Corporate,Single,Female,2/5/1993,10/1/2012,,2468,Mortgages,"Related to Ornaments, Property Claim",02468_370,HSB_Jewel_02468,60000,Half Yearly,10/1/2012,12/27/2032,3/31/2013,9/25/2013,United States Of America,East,Maine,Lewiston,4240,400000,60000
2877,Prof. Shannon Aldridge,Consumer,Single,Female,2/5/1994,10/1/2013,,2468,Mortgages,"Related to Ornaments, Property Claim",02468_2877,HSB_Jewel_02468,60000,Half Yearly,10/1/2013,12/27/2033,3/31/2014,9/25/2014,USA,East,Ohio,North Olmsted,44070,400000,60000
2935,Prof. Shirley Riley,Small Business,Single,Female,2/5/1992,10/31/2011,,13579,Mediclaim,Related to Life or Personal Claim,13579_2935,HSB_Lifeclaim_13579,5000,Quarterly,10/31/2011,12/27/2031,1/31/2015,2/28/2015,U.S.A,East,Massachusetts,Boston,2215,500000,60000
3011,Prof. Tammy Raynor,Corporate,Single,Female,2/5/1994,12/31/2005,,13579,Mediclaim,Related to Life or Personal Claim,13579_3011,HSB_Lifeclaim_13579,5000,Quarterly,12/31/2005,12/27/2033,3/31/2009,9/25/2009,United States Of America,East,Massachusetts,Boston,2113,500000,60000
2952,Prof. Thelma Murray,Corporate,Single,Female,2/5/1998,12/31/2006,,13579,Mediclaim,Related to Life or Personal Claim,13579_2952,HSB_Lifeclaim_13579,5000,Quarterly,12/31/2006,12/27/2037,3/31/2010,9/25/2010,USA,East,Ohio,Grove City,43123,500000,60000
3310,Prof. Tiffany Grossman Hardin,Small Business,Single,Female,2/5/1997,12/31/2011,,13579,Mediclaim,Related to Life or Personal Claim,13579_3310,HSB_Lifeclaim_13579,5000,Quarterly,12/31/2011,12/27/2036,3/31/2015,9/25/2015,United States Of America,East,Massachusetts,Sandwich,2563,500000,60000
1821,Prof. Vanessa Boyer,Consumer,Single,Female,2/5/1990,10/1/2012,,2468,Mortgages,"Related to Ornaments, Property Claim",02468_1821,HSB_Jewel_02468,60000,Half Yearly,10/1/2012,12/27/2029,3/31/2013,9/25/2013,U.S.A,East,New York,New York City,10177,400000,60000
585,Prof. William Larson,Corporate,Single,Female,2/5/1996,12/30/2004,,13579,Mediclaim,Related to Life or Personal Claim,13579_585,HSB_Lifeclaim_13579,5000,Quarterly,12/30/2004,12/27/2035,3/30/2008,9/24/2008,United States Of America,East,New Hampshire,Concord,3301,500000,60000
667,Professor Allison Kirby,Corporate,Married,Male,12/7/1994,12/31/2011,,98765,Auto,Related to 4 wheelers or 3 wheelers or 2 wheelers Claims,98765_667,HSB_Auto_98765,2000,Monthly,12/31/2011,12/27/2034,1/31/2015,2/28/2015,US,East,Texas,Dallas,75203,400000,72000
321,Professor Arthur Lowe Nash,Consumer,Married,Male,2/6/1992,7/31/2009,,2468,Mortgages,"Related to Ornaments, Property Claim",02468_321,HSB_Jewel_02468,60000,Half Yearly,7/31/2009,12/28/2031,1/31/2010,2/28/2010,U.S,East,Maryland,Potomac,20854,400000,60000
724,Professor Beverly Cooke Brooks,Consumer,Single,Female,2/7/1990,1/1/2009,,2468,Mortgages,"Related to Ornaments, Property Claim",02468_724,HSB_Jewel_02468,60000,Half Yearly,1/1/2009,12/29/2029,7/1/2009,1/1/2010,United States,East,Connecticut,Stratford,6614,400000,60000
1217,Professor Billy Perry Browning,Small Business,Single,Female,12/10/1989,6/1/2007,,98765,Auto,Related to 4 wheelers or 3 wheelers or 2 wheelers Claims,98765_1217,HSB_Auto_98765,2000,Monthly,6/1/2007,12/30/2029,7/1/2010,1/1/2011,US,East,Massachusetts,Boston,2112,200000,72000
783,Professor Carlos Byrd,Small Business,Single,Male,12/10/1989,1/1/2007,,98765,Auto,Related to 4 wheelers or 3 wheelers or 2 wheelers Claims,98765_783,HSB_Auto_98765,2000,Monthly,1/1/2007,12/30/2029,2/1/2010,3/1/2010,US,East,Connecticut,Bristol,6010,200000,72000
171,Professor Christina Matthews,Corporate,Single,Female,2/8/1991,12/31/2007,,13579,Mediclaim,Related to Life or Personal Claim,13579_171,HSB_Lifeclaim_13579,5000,Quarterly,12/31/2007,12/30/2030,3/31/2011,9/25/2011,U.S,East,New Jersey,Fort Lee,7024,500000,60000
2216,Professor Clara Kaplan,Corporate,Single,Female,2/5/1990,12/31/2005,,13579,Mediclaim,Related to Life or Personal Claim,13579_2216,HSB_Lifeclaim_13579,5000,Quarterly,12/31/2005,12/27/2029,3/31/2009,9/25/2009,US,East,Ohio,Medina,44256,500000,60000
2867,Professor Dana Teague,Corporate,Widowed,Male,2/5/1991,10/3/2009,,2468,Mortgages,"Related to Ornaments, Property Claim",02468_2867,HSB_Jewel_02468,60000,Half Yearly,10/3/2009,12/27/2030,4/3/2010,9/28/2010,US,East,District of Columbia,Washington,20016,400000,60000
737,Professor Danny Vaughn,Consumer,Single,Male,2/6/1990,4/1/2007,,13579,Mediclaim,Related to Life or Personal Claim,13579_737,HSB_Lifeclaim_13579,5000,Quarterly,4/1/2007,12/28/2029,7/1/2010,1/1/2011,U.S,East,New Jersey,Bloomfield,7003,500000,60000
946,Professor Denise Parks,Home Office,Single,Male,12/12/1989,6/5/2007,,98765,Auto,Related to 4 wheelers or 3 wheelers or 2 wheelers Claims,98765_946,HSB_Auto_98765,2000,Monthly,6/5/2007,1/1/2030,7/5/2010,1/5/2011,US,East,Maine,Auburn,4210,200000,72000
657,Professor Derek McCormick,Consumer,Single,Male,2/9/1990,12/31/2006,,13579,Mediclaim,Related to Life or Personal Claim,13579_657,HSB_Lifeclaim_13579,5000,Quarterly,12/31/2006,12/31/2029,3/31/2010,9/25/2010,US,East,Massachusetts,Oxford,1540,500000,60000
472,Professor Donna Craven,Consumer,Single,Male,2/6/1990,10/1/2008,,2468,Mortgages,"Related to Ornaments, Property Claim",02468_472,HSB_Jewel_02468,60000,Half Yearly,10/1/2008,12/28/2029,3/31/2009,9/25/2009,U.S,East,Maryland,Randallstown,21133,400000,60000
3266,Professor Edgar Kumar,Corporate,Married,Male,12/7/1989,6/1/2008,,98765,Auto,Related to 4 wheelers or 3 wheelers or 2 wheelers Claims,98765_3266,HSB_Auto_98765,2000,Monthly,6/1/2008,12/27/2029,7/1/2011,1/1/2012,US,East,Maine,Sanford,4073,200000,72000
1199,Professor Edward Lamm,Consumer,Single,Male,2/5/1993,10/31/2007,,13579,Mediclaim,Related to Life or Personal Claim,13579_1199,HSB_Lifeclaim_13579,5000,Quarterly,10/31/2007,12/27/2032,1/31/2011,2/28/2011,U.S,East,New Hampshire,Nashua,3060,500000,60000
3309,Professor Edwin Chung,Small Business,Married,Male,12/7/1992,3/3/2007,,98765,Auto,Related to 4 wheelers or 3 wheelers or 2 wheelers Claims,98765_3309,HSB_Auto_98765,2000,Monthly,3/3/2007,12/27/2032,3/31/2010,9/25/2010,United States,East,Massachusetts,Natick,1760,200000,72000
1026,Professor Eugene Kerr,Small Business,Single,Male,2/5/1991,10/31/2008,,13579,Mediclaim,Related to Life or Personal Claim,13579_1026,HSB_Lifeclaim_13579,5000,Quarterly,10/31/2008,12/27/2030,1/31/2012,2/28/2012,US,East,New York,Central Islip,11722,500000,60000
2903,Professor Frances Powers,Small Business,Married,Male,12/7/1989,12/31/2008,,98765,Auto,Related to 4 wheelers or 3 wheelers or 2 wheelers Claims,98765_2903,HSB_Auto_98765,2000,Monthly,12/31/2008,12/27/2029,1/31/2012,2/28/2012,United States,East,Ohio,Reynoldsburg,43068,200000,72000
894,Professor Gail Rankin Cole,Corporate,Single,Male,2/5/1991,12/31/2006,,13579,Mediclaim,Related to Life or Personal Claim,13579_894,HSB_Lifeclaim_13579,5000,Quarterly,12/31/2006,12/27/2030,3/31/2010,9/25/2010,United States,East,District of Columbia,Washington,20024,500000,60000
1620,Professor Gerald Petty,Consumer,Single,Male,2/5/1990,7/31/2011,,2468,Mortgages,"Related to Ornaments, Property Claim",02468_1620,HSB_Jewel_02468,60000,Half Yearly,7/31/2011,12/27/2029,1/31/2012,2/28/2012,United States,East,Pennsylvania,Lancaster,17602,400000,60000
1860,Professor Gina B Hess,Home Office,Single,Male,2/5/1992,12/31/2007,,13579,Mediclaim,Related to Life or Personal Claim,13579_1860,HSB_Lifeclaim_13579,5000,Quarterly,12/31/2007,12/27/2031,3/31/2011,9/25/2011,US,East,Massachusetts,Webster,1570,500000,60000
2604,Professor Gina Curry,Corporate,Single,Male,2/5/1993,7/31/2011,,2468,Mortgages,"Related to Ornaments, Property Claim",02468_2604,HSB_Jewel_02468,60000,Half Yearly,7/31/2011,12/27/2032,1/31/2012,2/28/2012,United States,East,New Jersey,Iselin,8830,400000,60000
1891,Professor Gretchen Levine,Home Office,Single,Male,12/7/1991,6/1/2007,,98765,Auto,Related to 4 wheelers or 3 wheelers or 2 wheelers Claims,98765_1891,HSB_Auto_98765,2000,Monthly,6/1/2007,12/27/2031,7/1/2010,1/1/2011,United States,East,Ohio,Lima,45801,200000,72000
2522,Professor Harriet Wooten,Home Office,Single,Male,2/5/1990,1/1/2013,,2468,Mortgages,"Related to Ornaments, Property Claim",02468_2522,HSB_Jewel_02468,60000,Half Yearly,1/1/2013,12/27/2029,7/1/2013,1/1/2014,U.S,East,Vermont,Burlington,5401,400000,60000
621,Professor Heather Stern,Home Office,Single,Male,2/5/1993,12/31/2007,,13579,Mediclaim,Related to Life or Personal Claim,13579_621,HSB_Lifeclaim_13579,5000,Quarterly,12/31/2007,12/27/2032,3/31/2011,9/25/2011,U.S,East,Connecticut,Newington,6111,500000,60000
256,Professor Irene Li,Home Office,Single,Male,2/5/1990,12/30/2008,,13579,Mediclaim,Related to Life or Personal Claim,13579_256,HSB_Lifeclaim_13579,5000,Quarterly,12/30/2008,12/27/2029,3/30/2012,9/24/2012,US,East,Pennsylvania,Hanover,17331,500000,60000
3374,Professor Jamie Ward,Home Office,Married,Male,2/5/1993,12/31/2007,,13579,Mediclaim,Related to Life or Personal Claim,13579_3374,HSB_Lifeclaim_13579,5000,Quarterly,12/31/2007,12/27/2032,3/31/2011,9/25/2011,US,East,Maryland,Odenton,21113,500000,60000
1438,Professor Jean Weiss Diaz,Corporate,Single,Male,2/5/1990,10/31/2007,,13579,Mediclaim,Related to Life or Personal Claim,13579_1438,HSB_Lifeclaim_13579,5000,Quarterly,10/31/2007,12/27/2029,1/31/2011,2/28/2011,US,East,Ohio,Elyria,44035,500000,60000
1036,Professor Jessica Huffman,Home Office,Single,Male,2/5/1991,10/1/2008,,2468,Mortgages,"Related to Ornaments, Property Claim",02468_1036,HSB_Jewel_02468,60000,Half Yearly,10/1/2008,12/27/2030,3/31/2009,9/25/2009,United States,East,Ohio,Dublin,43017,400000,60000
1170,Professor Jessie Houston,Consumer,Single,Male,2/5/1991,10/1/2010,,2468,Mortgages,"Related to Ornaments, Property Claim",02468_1170,HSB_Jewel_02468,60000,Half Yearly,10/1/2010,12/27/2030,3/31/2011,9/25/2011,United States,East,Delaware,Newark,19711,400000,60000
2980,Professor Joanna Kenney,Corporate,Married,Female,2/5/1992,12/31/2006,,13579,Mediclaim,Related to Life or Personal Claim,13579_2980,HSB_Lifeclaim_13579,5000,Quarterly,12/31/2006,12/27/2031,3/31/2010,9/25/2010,United States,East,Ohio,Sandusky,44870,500000,60000
2650,Professor Joanne Chu,Corporate,Single,Female,2/5/1992,10/1/2010,,2468,Mortgages,"Related to Ornaments, Property Claim",02468_2650,HSB_Jewel_02468,60000,Half Yearly,10/1/2010,12/27/2031,3/31/2011,9/25/2011,U.S,East,Pennsylvania,Baldwin,15234,400000,60000
2303,Professor Joe Baldwin,Corporate,Single,Female,12/7/1991,12/31/2006,,98765,Auto,Related to 4 wheelers or 3 wheelers or 2 wheelers Claims,98765_2303,HSB_Auto_98765,2000,Monthly,12/31/2006,12/27/2031,1/31/2010,2/28/2010,United States,East,New York,New York City,10011,200000,72000
1699,Professor Joseph Hurst,Small Business,Single,Female,2/5/1989,12/31/2010,,13579,Mediclaim,Related to Life or Personal Claim,13579_1699,HSB_Lifeclaim_13579,5000,Quarterly,12/31/2010,12/27/2028,3/31/2014,9/25/2014,US,East,Pennsylvania,Levittown,19057,500000,60000
1808,Professor Joyce Knox,Home Office,Single,Female,2/5/1990,10/1/2010,,2468,Mortgages,"Related to Ornaments, Property Claim",02468_1808,HSB_Jewel_02468,60000,Half Yearly,10/1/2010,12/27/2029,3/31/2011,9/25/2011,U.S,East,West Virginia,Parkersburg,26101,400000,60000
1727,Professor Juanita Ballard,Small Business,Single,Female,2/5/1989,12/30/2008,,13579,Mediclaim,Related to Life or Personal Claim,13579_1727,HSB_Lifeclaim_13579,5000,Quarterly,12/30/2008,12/27/2028,3/30/2012,9/24/2012,United States,East,Ohio,Kent,44240,500000,60000
2178,Professor Judy Hall,Small Business,Single,Female,2/5/1997,12/31/2006,,13579,Mediclaim,Related to Life or Personal Claim,13579_2178,HSB_Lifeclaim_13579,5000,Quarterly,12/31/2006,12/27/2036,3/31/2010,9/25/2010,United States,East,Massachusetts,Worcester,1610,500000,60000
2947,Professor Kathy Turner,Consumer,Single,Female,2/5/1996,12/30/2008,,13579,Mediclaim,Related to Life or Personal Claim,13579_2947,HSB_Lifeclaim_13579,5000,Quarterly,12/30/2008,12/27/2035,3/30/2012,9/24/2012,US,East,New York,Depew,14043,500000,60000
2561,Professor Laurie Moon,Consumer,Single,Female,12/7/1987,3/3/2015,,98765,Auto,Related to 4 wheelers or 3 wheelers or 2 wheelers Claims,98765_2561,HSB_Auto_98765,2000,Monthly,3/3/2015,12/27/2027,3/31/2018,9/25/2018,US,East,New York,Ossining,10562,200000,72000
2198,Professor Lester Woodward Maynard,Small Business,Single,Female,2/5/1990,12/31/2014,,13579,Mediclaim,Related to Life or Personal Claim,13579_2198,HSB_Lifeclaim_13579,5000,Quarterly,12/31/2014,12/27/2029,3/31/2018,9/25/2018,U.S,East,New York,Lindenhurst,11757,500000,60000
1246,Professor Lois Hansen,Home Office,Single,Female,2/5/1989,9/30/2011,,2468,Mortgages,"Related to Ornaments, Property Claim",02468_1246,HSB_Jewel_02468,60000,Half Yearly,9/30/2011,12/27/2028,3/30/2012,9/24/2012,United States,East,New York,New York City,10009,400000,60000
2460,Professor Lucille Gibbons,Home Office,Single,Female,2/5/1994,12/31/2006,,13579,Mediclaim,Related to Life or Personal Claim,13579_2460,HSB_Lifeclaim_13579,5000,Quarterly,12/31/2006,12/27/2033,3/31/2010,9/25/2010,US,East,New York,New York City,10035,500000,60000
1000,Professor Lynn Bell,Small Business,Single,Female,12/7/1990,6/1/2010,,98765,Auto,Related to 4 wheelers or 3 wheelers or 2 wheelers Claims,98765_1000,HSB_Auto_98765,2000,Monthly,6/1/2010,12/27/2030,7/1/2013,1/1/2014,U.S,East,Vermont,Bennington,5201,200000,72000
343,Professor Lynn Epstein,Corporate,Single,Female,12/7/1991,12/31/2010,,98765,Auto,Related to 4 wheelers or 3 wheelers or 2 wheelers Claims,98765_343,HSB_Auto_98765,2000,Monthly,12/31/2010,12/27/2031,1/31/2014,2/28/2014,US,East,Maine,Bangor,4401,200000,72000
467,Professor Maria Thomas,Small Business,Single,Female,12/7/1995,3/2/2013,,98765,Auto,Related to 4 wheelers or 3 wheelers or 2 wheelers Claims,98765_467,HSB_Auto_98765,2000,Monthly,3/2/2013,12/27/2035,3/30/2016,9/24/2016,United States,East,Massachusetts,Beverly,1915,200000,72000
2689,Professor Marlene Gray,Home Office,Single,Female,2/5/1996,12/31/2009,,13579,Mediclaim,Related to Life or Personal Claim,13579_2689,HSB_Lifeclaim_13579,5000,Quarterly,12/31/2009,12/27/2035,3/31/2013,9/25/2013,US,East,New Jersey,Clifton,7011,500000,60000
911,Professor Marsha P Joyner,Corporate,Single,Female,2/5/1989,12/31/2013,,13579,Mediclaim,Related to Life or Personal Claim,13579_911,HSB_Lifeclaim_13579,5000,Quarterly,12/31/2013,12/27/2028,3/31/2017,9/25/2017,U.S,East,West Virginia,Wheeling,26003,500000,60000
2081,Professor Matthew Conway,Corporate,Single,Female,2/5/1990,12/31/2009,,13579,Mediclaim,Related to Life or Personal Claim,13579_2081,HSB_Lifeclaim_13579,5000,Quarterly,12/31/2009,12/27/2029,3/31/2013,9/25/2013,US,East,New York,Ithaca,14853,500000,60000
3095,Professor Milton Lindsay,Consumer,Single,Female,2/5/1989,12/30/2008,,13579,Mediclaim,Related to Life or Personal Claim,13579_3095,HSB_Lifeclaim_13579,5000,Quarterly,12/30/2008,12/27/2028,3/30/2012,9/24/2012,US,East,Ohio,Hamilton,45011,500000,60000
994,Professor Neal Weber,Small Business,Single,Female,12/7/1990,3/3/2010,,98765,Auto,Related to 4 wheelers or 3 wheelers or 2 wheelers Claims,98765_994,HSB_Auto_98765,2000,Monthly,3/3/2010,12/27/2030,3/31/2013,9/25/2013,United States,East,Maine,Sanford,4073,200000,72000
1129,Professor Pam Patton,Home Office,Single,Female,2/5/1997,10/31/2012,,13579,Mediclaim,Related to Life or Personal Claim,13579_1129,HSB_Lifeclaim_13579,5000,Quarterly,10/31/2012,12/27/2036,1/31/2016,2/28/2016,US,East,Massachusetts,Boston,2118,500000,60000
2353,Professor Patrick Lowry,Corporate,Single,Female,2/5/1997,1/31/2008,,2468,Mortgages,"Related to Ornaments, Property Claim",02468_2353,HSB_Jewel_02468,60000,Half Yearly,1/31/2008,12/27/2036,1/31/2009,2/28/2009,U.S,East,Maryland,Edgewood,21040,400000,120000
366,Professor Patrick Rosenthal,Small Business,Single,Female,2/5/1998,4/1/2007,,13579,Mediclaim,Related to Life or Personal Claim,13579_366,HSB_Lifeclaim_13579,5000,Quarterly,4/1/2007,12/27/2037,7/1/2010,1/1/2011,United States,East,Rhode Island,Cranston,2910,500000,60000
1473,Professor Paul Puckett,Home Office,Single,Female,2/5/1988,10/1/2010,,2468,Mortgages,"Related to Ornaments, Property Claim",02468_1473,HSB_Jewel_02468,60000,Half Yearly,10/1/2010,12/27/2027,3/31/2011,9/25/2011,United States,East,Ohio,Wooster,44691,400000,60000
3342,Professor Paul Tate,Home Office,Single,Female,12/7/1988,5/30/2009,,98765,Auto,Related to 4 wheelers or 3 wheelers or 2 wheelers Claims,98765_3342,HSB_Auto_98765,2000,Monthly,5/30/2009,12/27/2028,6/30/2012,12/31/2012,U.S,East,District of Columbia,Washington,20006,200000,72000
3076,Professor Peter Hardy,Small Business,Single,Female,12/7/1996,3/2/2012,,98765,Auto,Related to 4 wheelers or 3 wheelers or 2 wheelers Claims,98765_3076,HSB_Auto_98765,2000,Monthly,3/2/2012,12/27/2036,3/31/2015,9/25/2015,U.S,East,Ohio,Stow,44224,200000,72000
2932,Professor Phyllis Hull,Small Business,Single,Female,2/5/1993,12/31/2005,,13579,Mediclaim,Related to Life or Personal Claim,13579_2932,HSB_Lifeclaim_13579,5000,Quarterly,12/31/2005,12/27/2032,3/31/2009,9/25/2009,U.S,East,Connecticut,Stratford,6614,500000,60000
1972,Professor Priscilla Brandon,Corporate,Single,Female,2/5/1997,7/1/2010,,2468,Mortgages,"Related to Ornaments, Property Claim",02468_1972,HSB_Jewel_02468,60000,Half Yearly,7/1/2010,12/27/2036,7/1/2011,1/1/2012,U.S,East,Pennsylvania,Willow Grove,19090,400000,120000
1580,Professor Ronnie Nolan,Corporate,Single,Female,2/5/1989,12/31/2009,,13579,Mediclaim,Related to Life or Personal Claim,13579_1580,HSB_Lifeclaim_13579,5000,Quarterly,12/31/2009,12/27/2028,3/31/2013,9/25/2013,U.S,East,Maine,Waterville,4901,500000,60000
1649,Professor Roy Hardison,Corporate,Single,Female,2/5/1989,10/31/2007,,13579,Mediclaim,Related to Life or Personal Claim,13579_1649,HSB_Lifeclaim_13579,5000,Quarterly,10/31/2007,12/27/2028,1/31/2011,2/28/2011,U.S,East,New York,Woodmere,11598,500000,60000
421,Professor Scott Feldman,Small Business,Single,Female,2/5/1989,9/30/2011,,2468,Mortgages,"Related to Ornaments, Property Claim",02468_421,HSB_Jewel_02468,60000,Half Yearly,9/30/2011,12/27/2028,3/30/2012,9/24/2012,US,East,New Jersey,Elizabeth,7201,400000,60000
393,Professor Shawn Combs,Corporate,Single,Female,2/5/1991,4/1/2012,,13579,Mediclaim,Related to Life or Personal Claim,13579_393,HSB_Lifeclaim_13579,5000,Quarterly,4/1/2012,12/27/2030,7/1/2015,1/1/2016,U.S,East,New York,Auburn,13021,500000,60000
2738,Professor Sherri Kramer,Small Business,Single,Female,2/5/1998,10/1/2005,,2468,Mortgages,"Related to Ornaments, Property Claim",02468_2738,HSB_Jewel_02468,60000,Half Yearly,10/1/2005,12/27/2037,3/31/2006,9/25/2006,United States,East,Vermont,South Burlington,5403,400000,60000
2509,Professor Sidney Larson,Home Office,Single,Female,2/5/1986,3/30/2013,,13579,Mediclaim,Related to Life or Personal Claim,13579_2509,HSB_Lifeclaim_13579,5000,Quarterly,3/30/2013,12/27/2025,6/30/2016,12/31/2016,United States,East,Maine,South Portland,4106,500000,60000
1085,Professor Ted Dunlap,Corporate,Single,Female,2/5/1994,10/31/2012,,13579,Mediclaim,Related to Life or Personal Claim,13579_1085,HSB_Lifeclaim_13579,5000,Quarterly,10/31/2012,12/27/2033,1/31/2016,2/28/2016,U.S,East,New York,Deer Park,11729,500000,60000
584,Professor Timothy Currie,Corporate,Single,Female,2/5/1990,3/30/2013,,13579,Mediclaim,Related to Life or Personal Claim,13579_584,HSB_Lifeclaim_13579,5000,Quarterly,3/30/2013,12/27/2029,6/30/2016,12/31/2016,United States,East,Massachusetts,Woburn,1801,500000,60000
491,Professor Toni Swanson,Consumer,Single,Female,2/5/1988,10/31/2003,,13579,Mediclaim,Related to Life or Personal Claim,13579_491,HSB_Lifeclaim_13579,5000,Quarterly,10/31/2003,12/27/2027,1/31/2007,2/28/2007,US,East,New York,New York City,10154,500000,60000
2765,Professor Tracy Schultz,Corporate,Single,Female,2/5/1990,10/31/2011,,13579,Mediclaim,Related to Life or Personal Claim,13579_2765,HSB_Lifeclaim_13579,5000,Quarterly,10/31/2011,12/27/2029,1/31/2015,2/28/2015,U.S,East,New Jersey,Lindenwold,8021,500000,60000
282,Professor Vickie Andrews,Corporate,Single,Female,2/5/1992,10/1/2013,,2468,Mortgages,"Related to Ornaments, Property Claim",02468_282,HSB_Jewel_02468,60000,Half Yearly,10/1/2013,12/27/2031,3/31/2014,9/25/2014,United States,East,New Jersey,Belleville,7109,400000,60000
1352,Professor Vivian Clarke,Home Office,Single,Female,12/7/1985,12/31/2009,,98765,Auto,Related to 4 wheelers or 3 wheelers or 2 wheelers Claims,98765_1352,HSB_Auto_98765,2000,Monthly,12/31/2009,12/27/2025,1/31/2013,2/28/2013,U.S,East,Maryland,Camp Springs,20746,200000,72000
3246,Professor Wanda Harris,Small Business,Single,Female,2/5/1995,10/31/2002,,13579,Mediclaim,Related to Life or Personal Claim,13579_3246,HSB_Lifeclaim_13579,5000,Quarterly,10/31/2002,12/27/2034,1/31/2006,2/28/2006,U.S,East,New Hampshire,Hudson,3051,500000,60000
